tick_seconds=60
apply_command=SET @elapsed_seconds=60; scripts/sql/apply-stage4-workload.sql

  .   ____          _            __ _ _
 /\\ / ___'_ __ _ _(_)_ __  __ _ \ \ \ \
( ( )\___ | '_ | '_| | '_ \/ _` | \ \ \ \
 \\/  ___)| |_)| | | | | || (_| |  ) ) ) )
  '  |____| .__|_| |_|_| |_\__, | / / / /
 =========|_|==============|___/=/_/_/_/

 :: Spring Boot ::                (v4.1.0)

2026-08-12T21:40:04.625+09:00  INFO 26250 --- [game-history-lab] [           main] l.g.GameHistoryLabApplicationKt          : Starting GameHistoryLabApplicationKt v0.0.1-SNAPSHOT using Java 21.0.5 with PID 26250 (/Users/hongseungjun/이직/project/game-history-lab/build/libs/game-history-lab-0.0.1-SNAPSHOT.jar started by hongseungjun in /Users/hongseungjun/이직/project/game-history-lab)
2026-08-12T21:40:04.629+09:00  INFO 26250 --- [game-history-lab] [           main] l.g.GameHistoryLabApplicationKt          : No active profile set, falling back to 1 default profile: "default"
2026-08-12T21:40:06.045+09:00  INFO 26250 --- [game-history-lab] [           main] com.zaxxer.hikari.HikariDataSource       : HikariPool-1 - Starting...
2026-08-12T21:40:06.461+09:00  INFO 26250 --- [game-history-lab] [           main] com.zaxxer.hikari.pool.HikariPool        : HikariPool-1 - Added connection com.mysql.cj.jdbc.ConnectionImpl@c97721b
2026-08-12T21:40:06.462+09:00  INFO 26250 --- [game-history-lab] [           main] com.zaxxer.hikari.HikariDataSource       : HikariPool-1 - Start completed.
2026-08-12T21:40:06.729+09:00  WARN 26250 --- [game-history-lab] [           main] o.s.b.c.l.AbstractListenerFactoryBean    : org.springframework.batch.infrastructure.item.ItemProcessor is an interface. The implementing class will not be queried for annotation based listener configurations. If using @StepScope on a @Bean method, be sure to return the implementing class so listener annotations can be used.
2026-08-12T21:40:06.739+09:00  INFO 26250 --- [game-history-lab] [           main] o.s.b.c.step.item.ChunkOrientedTasklet   : DEPRECATION NOTE: The legacy implementation of the chunk-oriented processing model is deprecated as of Spring Batch 6.0 and will be removed in version 7.0.
2026-08-12T21:40:06.763+09:00  WARN 26250 --- [game-history-lab] [           main] o.s.b.c.l.AbstractListenerFactoryBean    : org.springframework.batch.infrastructure.item.ItemProcessor is an interface. The implementing class will not be queried for annotation based listener configurations. If using @StepScope on a @Bean method, be sure to return the implementing class so listener annotations can be used.
2026-08-12T21:40:06.764+09:00  INFO 26250 --- [game-history-lab] [           main] o.s.b.c.step.item.ChunkOrientedTasklet   : DEPRECATION NOTE: The legacy implementation of the chunk-oriented processing model is deprecated as of Spring Batch 6.0 and will be removed in version 7.0.
2026-08-12T21:40:06.987+09:00  INFO 26250 --- [game-history-lab] [           main] l.g.GameHistoryLabApplicationKt          : Started GameHistoryLabApplicationKt in 2.795 seconds (process running for 3.305)
2026-08-12T21:40:07.111+09:00  INFO 26250 --- [game-history-lab] [           main] o.s.b.c.l.s.TaskExecutorJobLauncher      : Job: [SimpleJob: [name=incrementalGameHistoryReadModelJob]] launched with the following parameters: [{JobParameter{name='failAfterCount', value=0, type=class java.lang.Long, identifying=false},JobParameter{name='upperUpdatedAt', value=2026-08-12T00:01, type=class java.time.LocalDateTime, identifying=true},JobParameter{name='upperGameId', value=9223372036854775807, type=class java.lang.Long, identifying=true},JobParameter{name='lowerUpdatedAt', value=2026-08-11T23:55, type=class java.time.LocalDateTime, identifying=true},JobParameter{name='runId', value=stage4-c60-r1-20260812T124000Z, type=class java.lang.String, identifying=true},JobParameter{name='lowerGameId', value=0, type=class java.lang.Long, identifying=true}}]
2026-08-12T21:40:07.218+09:00  INFO 26250 --- [game-history-lab] [           main] o.s.batch.core.step.AbstractStep         : Executing step: [processIncrementalChangesStep]
2026-08-12T21:40:07.309+09:00  INFO 26250 --- [game-history-lab] [           main] o.s.batch.core.step.AbstractStep         : Step: [processIncrementalChangesStep] executed in 97ms
2026-08-12T21:40:07.361+09:00  INFO 26250 --- [game-history-lab] [           main] o.s.batch.core.step.AbstractStep         : Executing step: [advanceIncrementalCheckpointStep]
2026-08-12T21:40:07.377+09:00  INFO 26250 --- [game-history-lab] [           main] o.s.batch.core.step.AbstractStep         : Step: [advanceIncrementalCheckpointStep] executed in 20ms
2026-08-12T21:40:07.410+09:00  INFO 26250 --- [game-history-lab] [           main] o.s.b.c.l.s.TaskExecutorJobLauncher      : Job: [SimpleJob: [name=incrementalGameHistoryReadModelJob]] completed with the following parameters: [{JobParameter{name='failAfterCount', value=0, type=class java.lang.Long, identifying=false},JobParameter{name='upperUpdatedAt', value=2026-08-12T00:01, type=class java.time.LocalDateTime, identifying=true},JobParameter{name='upperGameId', value=9223372036854775807, type=class java.lang.Long, identifying=true},JobParameter{name='lowerUpdatedAt', value=2026-08-11T23:55, type=class java.time.LocalDateTime, identifying=true},JobParameter{name='runId', value=stage4-c60-r1-20260812T124000Z, type=class java.lang.String, identifying=true},JobParameter{name='lowerGameId', value=0, type=class java.lang.Long, identifying=true}}] and the following status: [COMPLETED] in 233ms
STAGE4_STEP name=processIncrementalChangesStep status=COMPLETED read=8 write=8 commit=1 rollback=0
STAGE4_STEP name=advanceIncrementalCheckpointStep status=COMPLETED read=0 write=0 commit=1 rollback=0
STAGE4_JOB executionId=195 instanceId=191 status=COMPLETED lowerUpdatedAt=2026-08-11T23:55 lowerGameId=0 upperUpdatedAt=2026-08-12T00:01 durationMs=395
2026-08-12T21:40:07.418+09:00  INFO 26250 --- [game-history-lab] [ionShutdownHook] com.zaxxer.hikari.HikariDataSource       : HikariPool-1 - Shutdown initiated...
2026-08-12T21:40:07.425+09:00  INFO 26250 --- [game-history-lab] [ionShutdownHook] com.zaxxer.hikari.HikariDataSource       : HikariPool-1 - Shutdown completed.
tick_seconds=120
apply_command=SET @elapsed_seconds=120; scripts/sql/apply-stage4-workload.sql

  .   ____          _            __ _ _
 /\\ / ___'_ __ _ _(_)_ __  __ _ \ \ \ \
( ( )\___ | '_ | '_| | '_ \/ _` | \ \ \ \
 \\/  ___)| |_)| | | | | || (_| |  ) ) ) )
  '  |____| .__|_| |_|_| |_\__, | / / / /
 =========|_|==============|___/=/_/_/_/

 :: Spring Boot ::                (v4.1.0)

2026-08-12T21:40:09.101+09:00  INFO 26305 --- [game-history-lab] [           main] l.g.GameHistoryLabApplicationKt          : Starting GameHistoryLabApplicationKt v0.0.1-SNAPSHOT using Java 21.0.5 with PID 26305 (/Users/hongseungjun/이직/project/game-history-lab/build/libs/game-history-lab-0.0.1-SNAPSHOT.jar started by hongseungjun in /Users/hongseungjun/이직/project/game-history-lab)
2026-08-12T21:40:09.105+09:00  INFO 26305 --- [game-history-lab] [           main] l.g.GameHistoryLabApplicationKt          : No active profile set, falling back to 1 default profile: "default"
2026-08-12T21:40:10.418+09:00  INFO 26305 --- [game-history-lab] [           main] com.zaxxer.hikari.HikariDataSource       : HikariPool-1 - Starting...
2026-08-12T21:40:10.794+09:00  INFO 26305 --- [game-history-lab] [           main] com.zaxxer.hikari.pool.HikariPool        : HikariPool-1 - Added connection com.mysql.cj.jdbc.ConnectionImpl@2b79c8ff
2026-08-12T21:40:10.795+09:00  INFO 26305 --- [game-history-lab] [           main] com.zaxxer.hikari.HikariDataSource       : HikariPool-1 - Start completed.
2026-08-12T21:40:11.011+09:00  WARN 26305 --- [game-history-lab] [           main] o.s.b.c.l.AbstractListenerFactoryBean    : org.springframework.batch.infrastructure.item.ItemProcessor is an interface. The implementing class will not be queried for annotation based listener configurations. If using @StepScope on a @Bean method, be sure to return the implementing class so listener annotations can be used.
2026-08-12T21:40:11.019+09:00  INFO 26305 --- [game-history-lab] [           main] o.s.b.c.step.item.ChunkOrientedTasklet   : DEPRECATION NOTE: The legacy implementation of the chunk-oriented processing model is deprecated as of Spring Batch 6.0 and will be removed in version 7.0.
2026-08-12T21:40:11.081+09:00  WARN 26305 --- [game-history-lab] [           main] o.s.b.c.l.AbstractListenerFactoryBean    : org.springframework.batch.infrastructure.item.ItemProcessor is an interface. The implementing class will not be queried for annotation based listener configurations. If using @StepScope on a @Bean method, be sure to return the implementing class so listener annotations can be used.
2026-08-12T21:40:11.082+09:00  INFO 26305 --- [game-history-lab] [           main] o.s.b.c.step.item.ChunkOrientedTasklet   : DEPRECATION NOTE: The legacy implementation of the chunk-oriented processing model is deprecated as of Spring Batch 6.0 and will be removed in version 7.0.
2026-08-12T21:40:11.347+09:00  INFO 26305 --- [game-history-lab] [           main] l.g.GameHistoryLabApplicationKt          : Started GameHistoryLabApplicationKt in 2.709 seconds (process running for 3.136)
2026-08-12T21:40:11.516+09:00  INFO 26305 --- [game-history-lab] [           main] o.s.b.c.l.s.TaskExecutorJobLauncher      : Job: [SimpleJob: [name=incrementalGameHistoryReadModelJob]] launched with the following parameters: [{JobParameter{name='failAfterCount', value=0, type=class java.lang.Long, identifying=false},JobParameter{name='upperUpdatedAt', value=2026-08-12T00:02, type=class java.time.LocalDateTime, identifying=true},JobParameter{name='upperGameId', value=9223372036854775807, type=class java.lang.Long, identifying=true},JobParameter{name='lowerUpdatedAt', value=2026-08-11T23:56, type=class java.time.LocalDateTime, identifying=true},JobParameter{name='runId', value=stage4-c60-r2-20260812T124000Z, type=class java.lang.String, identifying=true},JobParameter{name='lowerGameId', value=0, type=class java.lang.Long, identifying=true}}]
2026-08-12T21:40:11.690+09:00  INFO 26305 --- [game-history-lab] [           main] o.s.batch.core.step.AbstractStep         : Executing step: [processIncrementalChangesStep]
2026-08-12T21:40:11.828+09:00  INFO 26305 --- [game-history-lab] [           main] o.s.batch.core.step.AbstractStep         : Step: [processIncrementalChangesStep] executed in 161ms
2026-08-12T21:40:11.922+09:00  INFO 26305 --- [game-history-lab] [           main] o.s.batch.core.step.AbstractStep         : Executing step: [advanceIncrementalCheckpointStep]
2026-08-12T21:40:11.946+09:00  INFO 26305 --- [game-history-lab] [           main] o.s.batch.core.step.AbstractStep         : Step: [advanceIncrementalCheckpointStep] executed in 34ms
2026-08-12T21:40:11.992+09:00  INFO 26305 --- [game-history-lab] [           main] o.s.b.c.l.s.TaskExecutorJobLauncher      : Job: [SimpleJob: [name=incrementalGameHistoryReadModelJob]] completed with the following parameters: [{JobParameter{name='failAfterCount', value=0, type=class java.lang.Long, identifying=false},JobParameter{name='upperUpdatedAt', value=2026-08-12T00:02, type=class java.time.LocalDateTime, identifying=true},JobParameter{name='upperGameId', value=9223372036854775807, type=class java.lang.Long, identifying=true},JobParameter{name='lowerUpdatedAt', value=2026-08-11T23:56, type=class java.time.LocalDateTime, identifying=true},JobParameter{name='runId', value=stage4-c60-r2-20260812T124000Z, type=class java.lang.String, identifying=true},JobParameter{name='lowerGameId', value=0, type=class java.lang.Long, identifying=true}}] and the following status: [COMPLETED] in 385ms
STAGE4_STEP name=processIncrementalChangesStep status=COMPLETED read=8 write=8 commit=1 rollback=0
STAGE4_STEP name=advanceIncrementalCheckpointStep status=COMPLETED read=0 write=0 commit=1 rollback=0
STAGE4_JOB executionId=196 instanceId=192 status=COMPLETED lowerUpdatedAt=2026-08-11T23:56 lowerGameId=0 upperUpdatedAt=2026-08-12T00:02 durationMs=616
2026-08-12T21:40:12.002+09:00  INFO 26305 --- [game-history-lab] [ionShutdownHook] com.zaxxer.hikari.HikariDataSource       : HikariPool-1 - Shutdown initiated...
2026-08-12T21:40:12.010+09:00  INFO 26305 --- [game-history-lab] [ionShutdownHook] com.zaxxer.hikari.HikariDataSource       : HikariPool-1 - Shutdown completed.
tick_seconds=180
apply_command=SET @elapsed_seconds=180; scripts/sql/apply-stage4-workload.sql

  .   ____          _            __ _ _
 /\\ / ___'_ __ _ _(_)_ __  __ _ \ \ \ \
( ( )\___ | '_ | '_| | '_ \/ _` | \ \ \ \
 \\/  ___)| |_)| | | | | || (_| |  ) ) ) )
  '  |____| .__|_| |_|_| |_\__, | / / / /
 =========|_|==============|___/=/_/_/_/

 :: Spring Boot ::                (v4.1.0)

2026-08-12T21:40:13.732+09:00  INFO 26358 --- [game-history-lab] [           main] l.g.GameHistoryLabApplicationKt          : Starting GameHistoryLabApplicationKt v0.0.1-SNAPSHOT using Java 21.0.5 with PID 26358 (/Users/hongseungjun/이직/project/game-history-lab/build/libs/game-history-lab-0.0.1-SNAPSHOT.jar started by hongseungjun in /Users/hongseungjun/이직/project/game-history-lab)
2026-08-12T21:40:13.735+09:00  INFO 26358 --- [game-history-lab] [           main] l.g.GameHistoryLabApplicationKt          : No active profile set, falling back to 1 default profile: "default"
2026-08-12T21:40:15.208+09:00  INFO 26358 --- [game-history-lab] [           main] com.zaxxer.hikari.HikariDataSource       : HikariPool-1 - Starting...
2026-08-12T21:40:15.551+09:00  INFO 26358 --- [game-history-lab] [           main] com.zaxxer.hikari.pool.HikariPool        : HikariPool-1 - Added connection com.mysql.cj.jdbc.ConnectionImpl@c97721b
2026-08-12T21:40:15.552+09:00  INFO 26358 --- [game-history-lab] [           main] com.zaxxer.hikari.HikariDataSource       : HikariPool-1 - Start completed.
2026-08-12T21:40:15.742+09:00  WARN 26358 --- [game-history-lab] [           main] o.s.b.c.l.AbstractListenerFactoryBean    : org.springframework.batch.infrastructure.item.ItemProcessor is an interface. The implementing class will not be queried for annotation based listener configurations. If using @StepScope on a @Bean method, be sure to return the implementing class so listener annotations can be used.
2026-08-12T21:40:15.750+09:00  INFO 26358 --- [game-history-lab] [           main] o.s.b.c.step.item.ChunkOrientedTasklet   : DEPRECATION NOTE: The legacy implementation of the chunk-oriented processing model is deprecated as of Spring Batch 6.0 and will be removed in version 7.0.
2026-08-12T21:40:15.768+09:00  WARN 26358 --- [game-history-lab] [           main] o.s.b.c.l.AbstractListenerFactoryBean    : org.springframework.batch.infrastructure.item.ItemProcessor is an interface. The implementing class will not be queried for annotation based listener configurations. If using @StepScope on a @Bean method, be sure to return the implementing class so listener annotations can be used.
2026-08-12T21:40:15.769+09:00  INFO 26358 --- [game-history-lab] [           main] o.s.b.c.step.item.ChunkOrientedTasklet   : DEPRECATION NOTE: The legacy implementation of the chunk-oriented processing model is deprecated as of Spring Batch 6.0 and will be removed in version 7.0.
2026-08-12T21:40:15.932+09:00  INFO 26358 --- [game-history-lab] [           main] l.g.GameHistoryLabApplicationKt          : Started GameHistoryLabApplicationKt in 2.622 seconds (process running for 3.052)
2026-08-12T21:40:16.064+09:00  INFO 26358 --- [game-history-lab] [           main] o.s.b.c.l.s.TaskExecutorJobLauncher      : Job: [SimpleJob: [name=incrementalGameHistoryReadModelJob]] launched with the following parameters: [{JobParameter{name='failAfterCount', value=0, type=class java.lang.Long, identifying=false},JobParameter{name='upperUpdatedAt', value=2026-08-12T00:03, type=class java.time.LocalDateTime, identifying=true},JobParameter{name='upperGameId', value=9223372036854775807, type=class java.lang.Long, identifying=true},JobParameter{name='lowerUpdatedAt', value=2026-08-11T23:57, type=class java.time.LocalDateTime, identifying=true},JobParameter{name='runId', value=stage4-c60-r3-20260812T124000Z, type=class java.lang.String, identifying=true},JobParameter{name='lowerGameId', value=0, type=class java.lang.Long, identifying=true}}]
2026-08-12T21:40:16.199+09:00  INFO 26358 --- [game-history-lab] [           main] o.s.batch.core.step.AbstractStep         : Executing step: [processIncrementalChangesStep]
2026-08-12T21:40:16.304+09:00  INFO 26358 --- [game-history-lab] [           main] o.s.batch.core.step.AbstractStep         : Step: [processIncrementalChangesStep] executed in 115ms
2026-08-12T21:40:16.373+09:00  INFO 26358 --- [game-history-lab] [           main] o.s.batch.core.step.AbstractStep         : Executing step: [advanceIncrementalCheckpointStep]
2026-08-12T21:40:16.395+09:00  INFO 26358 --- [game-history-lab] [           main] o.s.batch.core.step.AbstractStep         : Step: [advanceIncrementalCheckpointStep] executed in 28ms
2026-08-12T21:40:16.434+09:00  INFO 26358 --- [game-history-lab] [           main] o.s.b.c.l.s.TaskExecutorJobLauncher      : Job: [SimpleJob: [name=incrementalGameHistoryReadModelJob]] completed with the following parameters: [{JobParameter{name='failAfterCount', value=0, type=class java.lang.Long, identifying=false},JobParameter{name='upperUpdatedAt', value=2026-08-12T00:03, type=class java.time.LocalDateTime, identifying=true},JobParameter{name='upperGameId', value=9223372036854775807, type=class java.lang.Long, identifying=true},JobParameter{name='lowerUpdatedAt', value=2026-08-11T23:57, type=class java.time.LocalDateTime, identifying=true},JobParameter{name='runId', value=stage4-c60-r3-20260812T124000Z, type=class java.lang.String, identifying=true},JobParameter{name='lowerGameId', value=0, type=class java.lang.Long, identifying=true}}] and the following status: [COMPLETED] in 293ms
STAGE4_STEP name=processIncrementalChangesStep status=COMPLETED read=8 write=8 commit=1 rollback=0
STAGE4_STEP name=advanceIncrementalCheckpointStep status=COMPLETED read=0 write=0 commit=1 rollback=0
STAGE4_JOB executionId=197 instanceId=193 status=COMPLETED lowerUpdatedAt=2026-08-11T23:57 lowerGameId=0 upperUpdatedAt=2026-08-12T00:03 durationMs=483
2026-08-12T21:40:16.446+09:00  INFO 26358 --- [game-history-lab] [ionShutdownHook] com.zaxxer.hikari.HikariDataSource       : HikariPool-1 - Shutdown initiated...
2026-08-12T21:40:16.451+09:00  INFO 26358 --- [game-history-lab] [ionShutdownHook] com.zaxxer.hikari.HikariDataSource       : HikariPool-1 - Shutdown completed.
tick_seconds=240
apply_command=SET @elapsed_seconds=240; scripts/sql/apply-stage4-workload.sql

  .   ____          _            __ _ _
 /\\ / ___'_ __ _ _(_)_ __  __ _ \ \ \ \
( ( )\___ | '_ | '_| | '_ \/ _` | \ \ \ \
 \\/  ___)| |_)| | | | | || (_| |  ) ) ) )
  '  |____| .__|_| |_|_| |_\__, | / / / /
 =========|_|==============|___/=/_/_/_/

 :: Spring Boot ::                (v4.1.0)

2026-08-12T21:40:18.330+09:00  INFO 26512 --- [game-history-lab] [           main] l.g.GameHistoryLabApplicationKt          : Starting GameHistoryLabApplicationKt v0.0.1-SNAPSHOT using Java 21.0.5 with PID 26512 (/Users/hongseungjun/이직/project/game-history-lab/build/libs/game-history-lab-0.0.1-SNAPSHOT.jar started by hongseungjun in /Users/hongseungjun/이직/project/game-history-lab)
2026-08-12T21:40:18.334+09:00  INFO 26512 --- [game-history-lab] [           main] l.g.GameHistoryLabApplicationKt          : No active profile set, falling back to 1 default profile: "default"
2026-08-12T21:40:19.859+09:00  INFO 26512 --- [game-history-lab] [           main] com.zaxxer.hikari.HikariDataSource       : HikariPool-1 - Starting...
2026-08-12T21:40:20.294+09:00  INFO 26512 --- [game-history-lab] [           main] com.zaxxer.hikari.pool.HikariPool        : HikariPool-1 - Added connection com.mysql.cj.jdbc.ConnectionImpl@c97721b
2026-08-12T21:40:20.298+09:00  INFO 26512 --- [game-history-lab] [           main] com.zaxxer.hikari.HikariDataSource       : HikariPool-1 - Start completed.
2026-08-12T21:40:20.591+09:00  WARN 26512 --- [game-history-lab] [           main] o.s.b.c.l.AbstractListenerFactoryBean    : org.springframework.batch.infrastructure.item.ItemProcessor is an interface. The implementing class will not be queried for annotation based listener configurations. If using @StepScope on a @Bean method, be sure to return the implementing class so listener annotations can be used.
2026-08-12T21:40:20.605+09:00  INFO 26512 --- [game-history-lab] [           main] o.s.b.c.step.item.ChunkOrientedTasklet   : DEPRECATION NOTE: The legacy implementation of the chunk-oriented processing model is deprecated as of Spring Batch 6.0 and will be removed in version 7.0.
2026-08-12T21:40:20.653+09:00  WARN 26512 --- [game-history-lab] [           main] o.s.b.c.l.AbstractListenerFactoryBean    : org.springframework.batch.infrastructure.item.ItemProcessor is an interface. The implementing class will not be queried for annotation based listener configurations. If using @StepScope on a @Bean method, be sure to return the implementing class so listener annotations can be used.
2026-08-12T21:40:20.654+09:00  INFO 26512 --- [game-history-lab] [           main] o.s.b.c.step.item.ChunkOrientedTasklet   : DEPRECATION NOTE: The legacy implementation of the chunk-oriented processing model is deprecated as of Spring Batch 6.0 and will be removed in version 7.0.
2026-08-12T21:40:20.857+09:00  INFO 26512 --- [game-history-lab] [           main] l.g.GameHistoryLabApplicationKt          : Started GameHistoryLabApplicationKt in 3.004 seconds (process running for 3.547)
2026-08-12T21:40:21.029+09:00  INFO 26512 --- [game-history-lab] [           main] o.s.b.c.l.s.TaskExecutorJobLauncher      : Job: [SimpleJob: [name=incrementalGameHistoryReadModelJob]] launched with the following parameters: [{JobParameter{name='failAfterCount', value=0, type=class java.lang.Long, identifying=false},JobParameter{name='upperUpdatedAt', value=2026-08-12T00:04, type=class java.time.LocalDateTime, identifying=true},JobParameter{name='upperGameId', value=9223372036854775807, type=class java.lang.Long, identifying=true},JobParameter{name='lowerUpdatedAt', value=2026-08-11T23:58, type=class java.time.LocalDateTime, identifying=true},JobParameter{name='runId', value=stage4-c60-r4-20260812T124000Z, type=class java.lang.String, identifying=true},JobParameter{name='lowerGameId', value=0, type=class java.lang.Long, identifying=true}}]
2026-08-12T21:40:21.152+09:00  INFO 26512 --- [game-history-lab] [           main] o.s.batch.core.step.AbstractStep         : Executing step: [processIncrementalChangesStep]
2026-08-12T21:40:21.247+09:00  INFO 26512 --- [game-history-lab] [           main] o.s.batch.core.step.AbstractStep         : Step: [processIncrementalChangesStep] executed in 100ms
2026-08-12T21:40:21.305+09:00  INFO 26512 --- [game-history-lab] [           main] o.s.batch.core.step.AbstractStep         : Executing step: [advanceIncrementalCheckpointStep]
2026-08-12T21:40:21.323+09:00  INFO 26512 --- [game-history-lab] [           main] o.s.batch.core.step.AbstractStep         : Step: [advanceIncrementalCheckpointStep] executed in 23ms
2026-08-12T21:40:21.364+09:00  INFO 26512 --- [game-history-lab] [           main] o.s.b.c.l.s.TaskExecutorJobLauncher      : Job: [SimpleJob: [name=incrementalGameHistoryReadModelJob]] completed with the following parameters: [{JobParameter{name='failAfterCount', value=0, type=class java.lang.Long, identifying=false},JobParameter{name='upperUpdatedAt', value=2026-08-12T00:04, type=class java.time.LocalDateTime, identifying=true},JobParameter{name='upperGameId', value=9223372036854775807, type=class java.lang.Long, identifying=true},JobParameter{name='lowerUpdatedAt', value=2026-08-11T23:58, type=class java.time.LocalDateTime, identifying=true},JobParameter{name='runId', value=stage4-c60-r4-20260812T124000Z, type=class java.lang.String, identifying=true},JobParameter{name='lowerGameId', value=0, type=class java.lang.Long, identifying=true}}] and the following status: [COMPLETED] in 259ms
STAGE4_STEP name=processIncrementalChangesStep status=COMPLETED read=8 write=8 commit=1 rollback=0
STAGE4_STEP name=advanceIncrementalCheckpointStep status=COMPLETED read=0 write=0 commit=1 rollback=0
STAGE4_JOB executionId=198 instanceId=194 status=COMPLETED lowerUpdatedAt=2026-08-11T23:58 lowerGameId=0 upperUpdatedAt=2026-08-12T00:04 durationMs=474
2026-08-12T21:40:21.373+09:00  INFO 26512 --- [game-history-lab] [ionShutdownHook] com.zaxxer.hikari.HikariDataSource       : HikariPool-1 - Shutdown initiated...
2026-08-12T21:40:21.379+09:00  INFO 26512 --- [game-history-lab] [ionShutdownHook] com.zaxxer.hikari.HikariDataSource       : HikariPool-1 - Shutdown completed.
tick_seconds=300
apply_command=SET @elapsed_seconds=300; scripts/sql/apply-stage4-workload.sql

  .   ____          _            __ _ _
 /\\ / ___'_ __ _ _(_)_ __  __ _ \ \ \ \
( ( )\___ | '_ | '_| | '_ \/ _` | \ \ \ \
 \\/  ___)| |_)| | | | | || (_| |  ) ) ) )
  '  |____| .__|_| |_|_| |_\__, | / / / /
 =========|_|==============|___/=/_/_/_/

 :: Spring Boot ::                (v4.1.0)

2026-08-12T21:40:23.128+09:00  INFO 26566 --- [game-history-lab] [           main] l.g.GameHistoryLabApplicationKt          : Starting GameHistoryLabApplicationKt v0.0.1-SNAPSHOT using Java 21.0.5 with PID 26566 (/Users/hongseungjun/이직/project/game-history-lab/build/libs/game-history-lab-0.0.1-SNAPSHOT.jar started by hongseungjun in /Users/hongseungjun/이직/project/game-history-lab)
2026-08-12T21:40:23.130+09:00  INFO 26566 --- [game-history-lab] [           main] l.g.GameHistoryLabApplicationKt          : No active profile set, falling back to 1 default profile: "default"
2026-08-12T21:40:24.029+09:00  INFO 26566 --- [game-history-lab] [           main] com.zaxxer.hikari.HikariDataSource       : HikariPool-1 - Starting...
2026-08-12T21:40:24.297+09:00  INFO 26566 --- [game-history-lab] [           main] com.zaxxer.hikari.pool.HikariPool        : HikariPool-1 - Added connection com.mysql.cj.jdbc.ConnectionImpl@c97721b
2026-08-12T21:40:24.298+09:00  INFO 26566 --- [game-history-lab] [           main] com.zaxxer.hikari.HikariDataSource       : HikariPool-1 - Start completed.
2026-08-12T21:40:24.467+09:00  WARN 26566 --- [game-history-lab] [           main] o.s.b.c.l.AbstractListenerFactoryBean    : org.springframework.batch.infrastructure.item.ItemProcessor is an interface. The implementing class will not be queried for annotation based listener configurations. If using @StepScope on a @Bean method, be sure to return the implementing class so listener annotations can be used.
2026-08-12T21:40:24.475+09:00  INFO 26566 --- [game-history-lab] [           main] o.s.b.c.step.item.ChunkOrientedTasklet   : DEPRECATION NOTE: The legacy implementation of the chunk-oriented processing model is deprecated as of Spring Batch 6.0 and will be removed in version 7.0.
2026-08-12T21:40:24.505+09:00  WARN 26566 --- [game-history-lab] [           main] o.s.b.c.l.AbstractListenerFactoryBean    : org.springframework.batch.infrastructure.item.ItemProcessor is an interface. The implementing class will not be queried for annotation based listener configurations. If using @StepScope on a @Bean method, be sure to return the implementing class so listener annotations can be used.
2026-08-12T21:40:24.505+09:00  INFO 26566 --- [game-history-lab] [           main] o.s.b.c.step.item.ChunkOrientedTasklet   : DEPRECATION NOTE: The legacy implementation of the chunk-oriented processing model is deprecated as of Spring Batch 6.0 and will be removed in version 7.0.
2026-08-12T21:40:24.640+09:00  INFO 26566 --- [game-history-lab] [           main] l.g.GameHistoryLabApplicationKt          : Started GameHistoryLabApplicationKt in 1.862 seconds (process running for 2.434)
2026-08-12T21:40:24.741+09:00  INFO 26566 --- [game-history-lab] [           main] o.s.b.c.l.s.TaskExecutorJobLauncher      : Job: [SimpleJob: [name=incrementalGameHistoryReadModelJob]] launched with the following parameters: [{JobParameter{name='failAfterCount', value=0, type=class java.lang.Long, identifying=false},JobParameter{name='upperUpdatedAt', value=2026-08-12T00:05, type=class java.time.LocalDateTime, identifying=true},JobParameter{name='upperGameId', value=9223372036854775807, type=class java.lang.Long, identifying=true},JobParameter{name='lowerUpdatedAt', value=2026-08-11T23:59, type=class java.time.LocalDateTime, identifying=true},JobParameter{name='runId', value=stage4-c60-r5-20260812T124000Z, type=class java.lang.String, identifying=true},JobParameter{name='lowerGameId', value=0, type=class java.lang.Long, identifying=true}}]
2026-08-12T21:40:24.834+09:00  INFO 26566 --- [game-history-lab] [           main] o.s.batch.core.step.AbstractStep         : Executing step: [processIncrementalChangesStep]
2026-08-12T21:40:24.914+09:00  INFO 26566 --- [game-history-lab] [           main] o.s.batch.core.step.AbstractStep         : Step: [processIncrementalChangesStep] executed in 85ms
2026-08-12T21:40:24.959+09:00  INFO 26566 --- [game-history-lab] [           main] o.s.batch.core.step.AbstractStep         : Executing step: [advanceIncrementalCheckpointStep]
2026-08-12T21:40:24.973+09:00  INFO 26566 --- [game-history-lab] [           main] o.s.batch.core.step.AbstractStep         : Step: [advanceIncrementalCheckpointStep] executed in 18ms
2026-08-12T21:40:25.006+09:00  INFO 26566 --- [game-history-lab] [           main] o.s.b.c.l.s.TaskExecutorJobLauncher      : Job: [SimpleJob: [name=incrementalGameHistoryReadModelJob]] completed with the following parameters: [{JobParameter{name='failAfterCount', value=0, type=class java.lang.Long, identifying=false},JobParameter{name='upperUpdatedAt', value=2026-08-12T00:05, type=class java.time.LocalDateTime, identifying=true},JobParameter{name='upperGameId', value=9223372036854775807, type=class java.lang.Long, identifying=true},JobParameter{name='lowerUpdatedAt', value=2026-08-11T23:59, type=class java.time.LocalDateTime, identifying=true},JobParameter{name='runId', value=stage4-c60-r5-20260812T124000Z, type=class java.lang.String, identifying=true},JobParameter{name='lowerGameId', value=0, type=class java.lang.Long, identifying=true}}] and the following status: [COMPLETED] in 207ms
STAGE4_STEP name=processIncrementalChangesStep status=COMPLETED read=8 write=8 commit=1 rollback=0
STAGE4_STEP name=advanceIncrementalCheckpointStep status=COMPLETED read=0 write=0 commit=1 rollback=0
STAGE4_JOB executionId=199 instanceId=195 status=COMPLETED lowerUpdatedAt=2026-08-11T23:59 lowerGameId=0 upperUpdatedAt=2026-08-12T00:05 durationMs=347
2026-08-12T21:40:25.014+09:00  INFO 26566 --- [game-history-lab] [ionShutdownHook] com.zaxxer.hikari.HikariDataSource       : HikariPool-1 - Shutdown initiated...
2026-08-12T21:40:25.018+09:00  INFO 26566 --- [game-history-lab] [ionShutdownHook] com.zaxxer.hikari.HikariDataSource       : HikariPool-1 - Shutdown completed.
tick_seconds=360
apply_command=SET @elapsed_seconds=360; scripts/sql/apply-stage4-workload.sql

  .   ____          _            __ _ _
 /\\ / ___'_ __ _ _(_)_ __  __ _ \ \ \ \
( ( )\___ | '_ | '_| | '_ \/ _` | \ \ \ \
 \\/  ___)| |_)| | | | | || (_| |  ) ) ) )
  '  |____| .__|_| |_|_| |_\__, | / / / /
 =========|_|==============|___/=/_/_/_/

 :: Spring Boot ::                (v4.1.0)

2026-08-12T21:40:26.423+09:00  INFO 26723 --- [game-history-lab] [           main] l.g.GameHistoryLabApplicationKt          : Starting GameHistoryLabApplicationKt v0.0.1-SNAPSHOT using Java 21.0.5 with PID 26723 (/Users/hongseungjun/이직/project/game-history-lab/build/libs/game-history-lab-0.0.1-SNAPSHOT.jar started by hongseungjun in /Users/hongseungjun/이직/project/game-history-lab)
2026-08-12T21:40:26.427+09:00  INFO 26723 --- [game-history-lab] [           main] l.g.GameHistoryLabApplicationKt          : No active profile set, falling back to 1 default profile: "default"
2026-08-12T21:40:27.436+09:00  INFO 26723 --- [game-history-lab] [           main] com.zaxxer.hikari.HikariDataSource       : HikariPool-1 - Starting...
2026-08-12T21:40:27.741+09:00  INFO 26723 --- [game-history-lab] [           main] com.zaxxer.hikari.pool.HikariPool        : HikariPool-1 - Added connection com.mysql.cj.jdbc.ConnectionImpl@c97721b
2026-08-12T21:40:27.742+09:00  INFO 26723 --- [game-history-lab] [           main] com.zaxxer.hikari.HikariDataSource       : HikariPool-1 - Start completed.
2026-08-12T21:40:27.897+09:00  WARN 26723 --- [game-history-lab] [           main] o.s.b.c.l.AbstractListenerFactoryBean    : org.springframework.batch.infrastructure.item.ItemProcessor is an interface. The implementing class will not be queried for annotation based listener configurations. If using @StepScope on a @Bean method, be sure to return the implementing class so listener annotations can be used.
2026-08-12T21:40:27.907+09:00  INFO 26723 --- [game-history-lab] [           main] o.s.b.c.step.item.ChunkOrientedTasklet   : DEPRECATION NOTE: The legacy implementation of the chunk-oriented processing model is deprecated as of Spring Batch 6.0 and will be removed in version 7.0.
2026-08-12T21:40:27.935+09:00  WARN 26723 --- [game-history-lab] [           main] o.s.b.c.l.AbstractListenerFactoryBean    : org.springframework.batch.infrastructure.item.ItemProcessor is an interface. The implementing class will not be queried for annotation based listener configurations. If using @StepScope on a @Bean method, be sure to return the implementing class so listener annotations can be used.
2026-08-12T21:40:27.935+09:00  INFO 26723 --- [game-history-lab] [           main] o.s.b.c.step.item.ChunkOrientedTasklet   : DEPRECATION NOTE: The legacy implementation of the chunk-oriented processing model is deprecated as of Spring Batch 6.0 and will be removed in version 7.0.
2026-08-12T21:40:28.065+09:00  INFO 26723 --- [game-history-lab] [           main] l.g.GameHistoryLabApplicationKt          : Started GameHistoryLabApplicationKt in 1.986 seconds (process running for 2.335)
2026-08-12T21:40:28.201+09:00  INFO 26723 --- [game-history-lab] [           main] o.s.b.c.l.s.TaskExecutorJobLauncher      : Job: [SimpleJob: [name=incrementalGameHistoryReadModelJob]] launched with the following parameters: [{JobParameter{name='failAfterCount', value=0, type=class java.lang.Long, identifying=false},JobParameter{name='upperUpdatedAt', value=2026-08-12T00:06, type=class java.time.LocalDateTime, identifying=true},JobParameter{name='upperGameId', value=9223372036854775807, type=class java.lang.Long, identifying=true},JobParameter{name='lowerUpdatedAt', value=2026-08-12T00:00, type=class java.time.LocalDateTime, identifying=true},JobParameter{name='runId', value=stage4-c60-r6-20260812T124000Z, type=class java.lang.String, identifying=true},JobParameter{name='lowerGameId', value=0, type=class java.lang.Long, identifying=true}}]
2026-08-12T21:40:28.300+09:00  INFO 26723 --- [game-history-lab] [           main] o.s.batch.core.step.AbstractStep         : Executing step: [processIncrementalChangesStep]
2026-08-12T21:40:28.386+09:00  INFO 26723 --- [game-history-lab] [           main] o.s.batch.core.step.AbstractStep         : Step: [processIncrementalChangesStep] executed in 93ms
2026-08-12T21:40:28.441+09:00  INFO 26723 --- [game-history-lab] [           main] o.s.batch.core.step.AbstractStep         : Executing step: [advanceIncrementalCheckpointStep]
2026-08-12T21:40:28.455+09:00  INFO 26723 --- [game-history-lab] [           main] o.s.batch.core.step.AbstractStep         : Step: [advanceIncrementalCheckpointStep] executed in 19ms
2026-08-12T21:40:28.480+09:00  INFO 26723 --- [game-history-lab] [           main] o.s.b.c.l.s.TaskExecutorJobLauncher      : Job: [SimpleJob: [name=incrementalGameHistoryReadModelJob]] completed with the following parameters: [{JobParameter{name='failAfterCount', value=0, type=class java.lang.Long, identifying=false},JobParameter{name='upperUpdatedAt', value=2026-08-12T00:06, type=class java.time.LocalDateTime, identifying=true},JobParameter{name='upperGameId', value=9223372036854775807, type=class java.lang.Long, identifying=true},JobParameter{name='lowerUpdatedAt', value=2026-08-12T00:00, type=class java.time.LocalDateTime, identifying=true},JobParameter{name='runId', value=stage4-c60-r6-20260812T124000Z, type=class java.lang.String, identifying=true},JobParameter{name='lowerGameId', value=0, type=class java.lang.Long, identifying=true}}] and the following status: [COMPLETED] in 219ms
STAGE4_STEP name=processIncrementalChangesStep status=COMPLETED read=8 write=8 commit=1 rollback=0
STAGE4_STEP name=advanceIncrementalCheckpointStep status=COMPLETED read=0 write=0 commit=1 rollback=0
STAGE4_JOB executionId=200 instanceId=196 status=COMPLETED lowerUpdatedAt=2026-08-12T00:00 lowerGameId=0 upperUpdatedAt=2026-08-12T00:06 durationMs=394
2026-08-12T21:40:28.487+09:00  INFO 26723 --- [game-history-lab] [ionShutdownHook] com.zaxxer.hikari.HikariDataSource       : HikariPool-1 - Shutdown initiated...
2026-08-12T21:40:28.494+09:00  INFO 26723 --- [game-history-lab] [ionShutdownHook] com.zaxxer.hikari.HikariDataSource       : HikariPool-1 - Shutdown completed.
tick_seconds=420
apply_command=SET @elapsed_seconds=420; scripts/sql/apply-stage4-workload.sql

  .   ____          _            __ _ _
 /\\ / ___'_ __ _ _(_)_ __  __ _ \ \ \ \
( ( )\___ | '_ | '_| | '_ \/ _` | \ \ \ \
 \\/  ___)| |_)| | | | | || (_| |  ) ) ) )
  '  |____| .__|_| |_|_| |_\__, | / / / /
 =========|_|==============|___/=/_/_/_/

 :: Spring Boot ::                (v4.1.0)

2026-08-12T21:40:29.870+09:00  INFO 26777 --- [game-history-lab] [           main] l.g.GameHistoryLabApplicationKt          : Starting GameHistoryLabApplicationKt v0.0.1-SNAPSHOT using Java 21.0.5 with PID 26777 (/Users/hongseungjun/이직/project/game-history-lab/build/libs/game-history-lab-0.0.1-SNAPSHOT.jar started by hongseungjun in /Users/hongseungjun/이직/project/game-history-lab)
2026-08-12T21:40:29.872+09:00  INFO 26777 --- [game-history-lab] [           main] l.g.GameHistoryLabApplicationKt          : No active profile set, falling back to 1 default profile: "default"
2026-08-12T21:40:30.681+09:00  INFO 26777 --- [game-history-lab] [           main] com.zaxxer.hikari.HikariDataSource       : HikariPool-1 - Starting...
2026-08-12T21:40:30.924+09:00  INFO 26777 --- [game-history-lab] [           main] com.zaxxer.hikari.pool.HikariPool        : HikariPool-1 - Added connection com.mysql.cj.jdbc.ConnectionImpl@c97721b
2026-08-12T21:40:30.925+09:00  INFO 26777 --- [game-history-lab] [           main] com.zaxxer.hikari.HikariDataSource       : HikariPool-1 - Start completed.
2026-08-12T21:40:31.054+09:00  WARN 26777 --- [game-history-lab] [           main] o.s.b.c.l.AbstractListenerFactoryBean    : org.springframework.batch.infrastructure.item.ItemProcessor is an interface. The implementing class will not be queried for annotation based listener configurations. If using @StepScope on a @Bean method, be sure to return the implementing class so listener annotations can be used.
2026-08-12T21:40:31.060+09:00  INFO 26777 --- [game-history-lab] [           main] o.s.b.c.step.item.ChunkOrientedTasklet   : DEPRECATION NOTE: The legacy implementation of the chunk-oriented processing model is deprecated as of Spring Batch 6.0 and will be removed in version 7.0.
2026-08-12T21:40:31.081+09:00  WARN 26777 --- [game-history-lab] [           main] o.s.b.c.l.AbstractListenerFactoryBean    : org.springframework.batch.infrastructure.item.ItemProcessor is an interface. The implementing class will not be queried for annotation based listener configurations. If using @StepScope on a @Bean method, be sure to return the implementing class so listener annotations can be used.
2026-08-12T21:40:31.081+09:00  INFO 26777 --- [game-history-lab] [           main] o.s.b.c.step.item.ChunkOrientedTasklet   : DEPRECATION NOTE: The legacy implementation of the chunk-oriented processing model is deprecated as of Spring Batch 6.0 and will be removed in version 7.0.
2026-08-12T21:40:31.174+09:00  INFO 26777 --- [game-history-lab] [           main] l.g.GameHistoryLabApplicationKt          : Started GameHistoryLabApplicationKt in 1.619 seconds (process running for 1.985)
2026-08-12T21:40:31.246+09:00  INFO 26777 --- [game-history-lab] [           main] o.s.b.c.l.s.TaskExecutorJobLauncher      : Job: [SimpleJob: [name=incrementalGameHistoryReadModelJob]] launched with the following parameters: [{JobParameter{name='failAfterCount', value=0, type=class java.lang.Long, identifying=false},JobParameter{name='upperUpdatedAt', value=2026-08-12T00:07, type=class java.time.LocalDateTime, identifying=true},JobParameter{name='upperGameId', value=9223372036854775807, type=class java.lang.Long, identifying=true},JobParameter{name='lowerUpdatedAt', value=2026-08-12T00:01, type=class java.time.LocalDateTime, identifying=true},JobParameter{name='runId', value=stage4-c60-r7-20260812T124000Z, type=class java.lang.String, identifying=true},JobParameter{name='lowerGameId', value=0, type=class java.lang.Long, identifying=true}}]
2026-08-12T21:40:31.311+09:00  INFO 26777 --- [game-history-lab] [           main] o.s.batch.core.step.AbstractStep         : Executing step: [processIncrementalChangesStep]
2026-08-12T21:40:31.371+09:00  INFO 26777 --- [game-history-lab] [           main] o.s.batch.core.step.AbstractStep         : Step: [processIncrementalChangesStep] executed in 66ms
2026-08-12T21:40:31.418+09:00  INFO 26777 --- [game-history-lab] [           main] o.s.batch.core.step.AbstractStep         : Executing step: [advanceIncrementalCheckpointStep]
2026-08-12T21:40:31.429+09:00  INFO 26777 --- [game-history-lab] [           main] o.s.batch.core.step.AbstractStep         : Step: [advanceIncrementalCheckpointStep] executed in 15ms
2026-08-12T21:40:31.461+09:00  INFO 26777 --- [game-history-lab] [           main] o.s.b.c.l.s.TaskExecutorJobLauncher      : Job: [SimpleJob: [name=incrementalGameHistoryReadModelJob]] completed with the following parameters: [{JobParameter{name='failAfterCount', value=0, type=class java.lang.Long, identifying=false},JobParameter{name='upperUpdatedAt', value=2026-08-12T00:07, type=class java.time.LocalDateTime, identifying=true},JobParameter{name='upperGameId', value=9223372036854775807, type=class java.lang.Long, identifying=true},JobParameter{name='lowerUpdatedAt', value=2026-08-12T00:01, type=class java.time.LocalDateTime, identifying=true},JobParameter{name='runId', value=stage4-c60-r7-20260812T124000Z, type=class java.lang.String, identifying=true},JobParameter{name='lowerGameId', value=0, type=class java.lang.Long, identifying=true}}] and the following status: [COMPLETED] in 173ms
STAGE4_STEP name=processIncrementalChangesStep status=COMPLETED read=0 write=0 commit=1 rollback=0
STAGE4_STEP name=advanceIncrementalCheckpointStep status=COMPLETED read=0 write=0 commit=1 rollback=0
STAGE4_JOB executionId=201 instanceId=197 status=COMPLETED lowerUpdatedAt=2026-08-12T00:01 lowerGameId=0 upperUpdatedAt=2026-08-12T00:07 durationMs=273
2026-08-12T21:40:31.468+09:00  INFO 26777 --- [game-history-lab] [ionShutdownHook] com.zaxxer.hikari.HikariDataSource       : HikariPool-1 - Shutdown initiated...
2026-08-12T21:40:31.487+09:00  INFO 26777 --- [game-history-lab] [ionShutdownHook] com.zaxxer.hikari.HikariDataSource       : HikariPool-1 - Shutdown completed.
tick_seconds=480
apply_command=SET @elapsed_seconds=480; scripts/sql/apply-stage4-workload.sql

  .   ____          _            __ _ _
 /\\ / ___'_ __ _ _(_)_ __  __ _ \ \ \ \
( ( )\___ | '_ | '_| | '_ \/ _` | \ \ \ \
 \\/  ___)| |_)| | | | | || (_| |  ) ) ) )
  '  |____| .__|_| |_|_| |_\__, | / / / /
 =========|_|==============|___/=/_/_/_/

 :: Spring Boot ::                (v4.1.0)

2026-08-12T21:40:32.781+09:00  INFO 26828 --- [game-history-lab] [           main] l.g.GameHistoryLabApplicationKt          : Starting GameHistoryLabApplicationKt v0.0.1-SNAPSHOT using Java 21.0.5 with PID 26828 (/Users/hongseungjun/이직/project/game-history-lab/build/libs/game-history-lab-0.0.1-SNAPSHOT.jar started by hongseungjun in /Users/hongseungjun/이직/project/game-history-lab)
2026-08-12T21:40:32.784+09:00  INFO 26828 --- [game-history-lab] [           main] l.g.GameHistoryLabApplicationKt          : No active profile set, falling back to 1 default profile: "default"
2026-08-12T21:40:33.567+09:00  INFO 26828 --- [game-history-lab] [           main] com.zaxxer.hikari.HikariDataSource       : HikariPool-1 - Starting...
2026-08-12T21:40:33.804+09:00  INFO 26828 --- [game-history-lab] [           main] com.zaxxer.hikari.pool.HikariPool        : HikariPool-1 - Added connection com.mysql.cj.jdbc.ConnectionImpl@c97721b
2026-08-12T21:40:33.805+09:00  INFO 26828 --- [game-history-lab] [           main] com.zaxxer.hikari.HikariDataSource       : HikariPool-1 - Start completed.
2026-08-12T21:40:33.932+09:00  WARN 26828 --- [game-history-lab] [           main] o.s.b.c.l.AbstractListenerFactoryBean    : org.springframework.batch.infrastructure.item.ItemProcessor is an interface. The implementing class will not be queried for annotation based listener configurations. If using @StepScope on a @Bean method, be sure to return the implementing class so listener annotations can be used.
2026-08-12T21:40:33.938+09:00  INFO 26828 --- [game-history-lab] [           main] o.s.b.c.step.item.ChunkOrientedTasklet   : DEPRECATION NOTE: The legacy implementation of the chunk-oriented processing model is deprecated as of Spring Batch 6.0 and will be removed in version 7.0.
2026-08-12T21:40:33.961+09:00  WARN 26828 --- [game-history-lab] [           main] o.s.b.c.l.AbstractListenerFactoryBean    : org.springframework.batch.infrastructure.item.ItemProcessor is an interface. The implementing class will not be queried for annotation based listener configurations. If using @StepScope on a @Bean method, be sure to return the implementing class so listener annotations can be used.
2026-08-12T21:40:33.961+09:00  INFO 26828 --- [game-history-lab] [           main] o.s.b.c.step.item.ChunkOrientedTasklet   : DEPRECATION NOTE: The legacy implementation of the chunk-oriented processing model is deprecated as of Spring Batch 6.0 and will be removed in version 7.0.
2026-08-12T21:40:34.067+09:00  INFO 26828 --- [game-history-lab] [           main] l.g.GameHistoryLabApplicationKt          : Started GameHistoryLabApplicationKt in 1.585 seconds (process running for 1.925)
2026-08-12T21:40:34.141+09:00  INFO 26828 --- [game-history-lab] [           main] o.s.b.c.l.s.TaskExecutorJobLauncher      : Job: [SimpleJob: [name=incrementalGameHistoryReadModelJob]] launched with the following parameters: [{JobParameter{name='failAfterCount', value=0, type=class java.lang.Long, identifying=false},JobParameter{name='upperUpdatedAt', value=2026-08-12T00:08, type=class java.time.LocalDateTime, identifying=true},JobParameter{name='upperGameId', value=9223372036854775807, type=class java.lang.Long, identifying=true},JobParameter{name='lowerUpdatedAt', value=2026-08-12T00:02, type=class java.time.LocalDateTime, identifying=true},JobParameter{name='runId', value=stage4-c60-r8-20260812T124000Z, type=class java.lang.String, identifying=true},JobParameter{name='lowerGameId', value=0, type=class java.lang.Long, identifying=true}}]
2026-08-12T21:40:34.208+09:00  INFO 26828 --- [game-history-lab] [           main] o.s.batch.core.step.AbstractStep         : Executing step: [processIncrementalChangesStep]
2026-08-12T21:40:34.270+09:00  INFO 26828 --- [game-history-lab] [           main] o.s.batch.core.step.AbstractStep         : Step: [processIncrementalChangesStep] executed in 67ms
2026-08-12T21:40:34.314+09:00  INFO 26828 --- [game-history-lab] [           main] o.s.batch.core.step.AbstractStep         : Executing step: [advanceIncrementalCheckpointStep]
2026-08-12T21:40:34.331+09:00  INFO 26828 --- [game-history-lab] [           main] o.s.batch.core.step.AbstractStep         : Step: [advanceIncrementalCheckpointStep] executed in 21ms
2026-08-12T21:40:34.360+09:00  INFO 26828 --- [game-history-lab] [           main] o.s.b.c.l.s.TaskExecutorJobLauncher      : Job: [SimpleJob: [name=incrementalGameHistoryReadModelJob]] completed with the following parameters: [{JobParameter{name='failAfterCount', value=0, type=class java.lang.Long, identifying=false},JobParameter{name='upperUpdatedAt', value=2026-08-12T00:08, type=class java.time.LocalDateTime, identifying=true},JobParameter{name='upperGameId', value=9223372036854775807, type=class java.lang.Long, identifying=true},JobParameter{name='lowerUpdatedAt', value=2026-08-12T00:02, type=class java.time.LocalDateTime, identifying=true},JobParameter{name='runId', value=stage4-c60-r8-20260812T124000Z, type=class java.lang.String, identifying=true},JobParameter{name='lowerGameId', value=0, type=class java.lang.Long, identifying=true}}] and the following status: [COMPLETED] in 176ms
STAGE4_STEP name=processIncrementalChangesStep status=COMPLETED read=1 write=1 commit=1 rollback=0
STAGE4_STEP name=advanceIncrementalCheckpointStep status=COMPLETED read=0 write=0 commit=1 rollback=0
STAGE4_JOB executionId=202 instanceId=198 status=COMPLETED lowerUpdatedAt=2026-08-12T00:02 lowerGameId=0 upperUpdatedAt=2026-08-12T00:08 durationMs=280
2026-08-12T21:40:34.367+09:00  INFO 26828 --- [game-history-lab] [ionShutdownHook] com.zaxxer.hikari.HikariDataSource       : HikariPool-1 - Shutdown initiated...
2026-08-12T21:40:34.370+09:00  INFO 26828 --- [game-history-lab] [ionShutdownHook] com.zaxxer.hikari.HikariDataSource       : HikariPool-1 - Shutdown completed.
tick_seconds=540
apply_command=SET @elapsed_seconds=540; scripts/sql/apply-stage4-workload.sql

  .   ____          _            __ _ _
 /\\ / ___'_ __ _ _(_)_ __  __ _ \ \ \ \
( ( )\___ | '_ | '_| | '_ \/ _` | \ \ \ \
 \\/  ___)| |_)| | | | | || (_| |  ) ) ) )
  '  |____| .__|_| |_|_| |_\__, | / / / /
 =========|_|==============|___/=/_/_/_/

 :: Spring Boot ::                (v4.1.0)

2026-08-12T21:40:35.754+09:00  INFO 26980 --- [game-history-lab] [           main] l.g.GameHistoryLabApplicationKt          : Starting GameHistoryLabApplicationKt v0.0.1-SNAPSHOT using Java 21.0.5 with PID 26980 (/Users/hongseungjun/이직/project/game-history-lab/build/libs/game-history-lab-0.0.1-SNAPSHOT.jar started by hongseungjun in /Users/hongseungjun/이직/project/game-history-lab)
2026-08-12T21:40:35.756+09:00  INFO 26980 --- [game-history-lab] [           main] l.g.GameHistoryLabApplicationKt          : No active profile set, falling back to 1 default profile: "default"
2026-08-12T21:40:36.604+09:00  INFO 26980 --- [game-history-lab] [           main] com.zaxxer.hikari.HikariDataSource       : HikariPool-1 - Starting...
2026-08-12T21:40:36.861+09:00  INFO 26980 --- [game-history-lab] [           main] com.zaxxer.hikari.pool.HikariPool        : HikariPool-1 - Added connection com.mysql.cj.jdbc.ConnectionImpl@c97721b
2026-08-12T21:40:36.863+09:00  INFO 26980 --- [game-history-lab] [           main] com.zaxxer.hikari.HikariDataSource       : HikariPool-1 - Start completed.
2026-08-12T21:40:37.009+09:00  WARN 26980 --- [game-history-lab] [           main] o.s.b.c.l.AbstractListenerFactoryBean    : org.springframework.batch.infrastructure.item.ItemProcessor is an interface. The implementing class will not be queried for annotation based listener configurations. If using @StepScope on a @Bean method, be sure to return the implementing class so listener annotations can be used.
2026-08-12T21:40:37.015+09:00  INFO 26980 --- [game-history-lab] [           main] o.s.b.c.step.item.ChunkOrientedTasklet   : DEPRECATION NOTE: The legacy implementation of the chunk-oriented processing model is deprecated as of Spring Batch 6.0 and will be removed in version 7.0.
2026-08-12T21:40:37.038+09:00  WARN 26980 --- [game-history-lab] [           main] o.s.b.c.l.AbstractListenerFactoryBean    : org.springframework.batch.infrastructure.item.ItemProcessor is an interface. The implementing class will not be queried for annotation based listener configurations. If using @StepScope on a @Bean method, be sure to return the implementing class so listener annotations can be used.
2026-08-12T21:40:37.038+09:00  INFO 26980 --- [game-history-lab] [           main] o.s.b.c.step.item.ChunkOrientedTasklet   : DEPRECATION NOTE: The legacy implementation of the chunk-oriented processing model is deprecated as of Spring Batch 6.0 and will be removed in version 7.0.
2026-08-12T21:40:37.147+09:00  INFO 26980 --- [game-history-lab] [           main] l.g.GameHistoryLabApplicationKt          : Started GameHistoryLabApplicationKt in 1.703 seconds (process running for 2.113)
2026-08-12T21:40:37.231+09:00  INFO 26980 --- [game-history-lab] [           main] o.s.b.c.l.s.TaskExecutorJobLauncher      : Job: [SimpleJob: [name=incrementalGameHistoryReadModelJob]] launched with the following parameters: [{JobParameter{name='failAfterCount', value=0, type=class java.lang.Long, identifying=false},JobParameter{name='upperUpdatedAt', value=2026-08-12T00:09, type=class java.time.LocalDateTime, identifying=true},JobParameter{name='upperGameId', value=9223372036854775807, type=class java.lang.Long, identifying=true},JobParameter{name='lowerUpdatedAt', value=2026-08-12T00:03, type=class java.time.LocalDateTime, identifying=true},JobParameter{name='runId', value=stage4-c60-r9-20260812T124000Z, type=class java.lang.String, identifying=true},JobParameter{name='lowerGameId', value=0, type=class java.lang.Long, identifying=true}}]
2026-08-12T21:40:37.300+09:00  INFO 26980 --- [game-history-lab] [           main] o.s.batch.core.step.AbstractStep         : Executing step: [processIncrementalChangesStep]
2026-08-12T21:40:37.362+09:00  INFO 26980 --- [game-history-lab] [           main] o.s.batch.core.step.AbstractStep         : Step: [processIncrementalChangesStep] executed in 66ms
2026-08-12T21:40:37.407+09:00  INFO 26980 --- [game-history-lab] [           main] o.s.batch.core.step.AbstractStep         : Executing step: [advanceIncrementalCheckpointStep]
2026-08-12T21:40:37.417+09:00  INFO 26980 --- [game-history-lab] [           main] o.s.batch.core.step.AbstractStep         : Step: [advanceIncrementalCheckpointStep] executed in 14ms
2026-08-12T21:40:37.445+09:00  INFO 26980 --- [game-history-lab] [           main] o.s.b.c.l.s.TaskExecutorJobLauncher      : Job: [SimpleJob: [name=incrementalGameHistoryReadModelJob]] completed with the following parameters: [{JobParameter{name='failAfterCount', value=0, type=class java.lang.Long, identifying=false},JobParameter{name='upperUpdatedAt', value=2026-08-12T00:09, type=class java.time.LocalDateTime, identifying=true},JobParameter{name='upperGameId', value=9223372036854775807, type=class java.lang.Long, identifying=true},JobParameter{name='lowerUpdatedAt', value=2026-08-12T00:03, type=class java.time.LocalDateTime, identifying=true},JobParameter{name='runId', value=stage4-c60-r9-20260812T124000Z, type=class java.lang.String, identifying=true},JobParameter{name='lowerGameId', value=0, type=class java.lang.Long, identifying=true}}] and the following status: [COMPLETED] in 172ms
STAGE4_STEP name=processIncrementalChangesStep status=COMPLETED read=1 write=1 commit=1 rollback=0
STAGE4_STEP name=advanceIncrementalCheckpointStep status=COMPLETED read=0 write=0 commit=1 rollback=0
STAGE4_JOB executionId=203 instanceId=199 status=COMPLETED lowerUpdatedAt=2026-08-12T00:03 lowerGameId=0 upperUpdatedAt=2026-08-12T00:09 durationMs=281
2026-08-12T21:40:37.452+09:00  INFO 26980 --- [game-history-lab] [ionShutdownHook] com.zaxxer.hikari.HikariDataSource       : HikariPool-1 - Shutdown initiated...
2026-08-12T21:40:37.462+09:00  INFO 26980 --- [game-history-lab] [ionShutdownHook] com.zaxxer.hikari.HikariDataSource       : HikariPool-1 - Shutdown completed.
tick_seconds=600
apply_command=SET @elapsed_seconds=600; scripts/sql/apply-stage4-workload.sql

  .   ____          _            __ _ _
 /\\ / ___'_ __ _ _(_)_ __  __ _ \ \ \ \
( ( )\___ | '_ | '_| | '_ \/ _` | \ \ \ \
 \\/  ___)| |_)| | | | | || (_| |  ) ) ) )
  '  |____| .__|_| |_|_| |_\__, | / / / /
 =========|_|==============|___/=/_/_/_/

 :: Spring Boot ::                (v4.1.0)

2026-08-12T21:40:38.792+09:00  INFO 27036 --- [game-history-lab] [           main] l.g.GameHistoryLabApplicationKt          : Starting GameHistoryLabApplicationKt v0.0.1-SNAPSHOT using Java 21.0.5 with PID 27036 (/Users/hongseungjun/이직/project/game-history-lab/build/libs/game-history-lab-0.0.1-SNAPSHOT.jar started by hongseungjun in /Users/hongseungjun/이직/project/game-history-lab)
2026-08-12T21:40:38.795+09:00  INFO 27036 --- [game-history-lab] [           main] l.g.GameHistoryLabApplicationKt          : No active profile set, falling back to 1 default profile: "default"
2026-08-12T21:40:39.724+09:00  INFO 27036 --- [game-history-lab] [           main] com.zaxxer.hikari.HikariDataSource       : HikariPool-1 - Starting...
2026-08-12T21:40:39.983+09:00  INFO 27036 --- [game-history-lab] [           main] com.zaxxer.hikari.pool.HikariPool        : HikariPool-1 - Added connection com.mysql.cj.jdbc.ConnectionImpl@c97721b
2026-08-12T21:40:39.984+09:00  INFO 27036 --- [game-history-lab] [           main] com.zaxxer.hikari.HikariDataSource       : HikariPool-1 - Start completed.
2026-08-12T21:40:40.121+09:00  WARN 27036 --- [game-history-lab] [           main] o.s.b.c.l.AbstractListenerFactoryBean    : org.springframework.batch.infrastructure.item.ItemProcessor is an interface. The implementing class will not be queried for annotation based listener configurations. If using @StepScope on a @Bean method, be sure to return the implementing class so listener annotations can be used.
2026-08-12T21:40:40.127+09:00  INFO 27036 --- [game-history-lab] [           main] o.s.b.c.step.item.ChunkOrientedTasklet   : DEPRECATION NOTE: The legacy implementation of the chunk-oriented processing model is deprecated as of Spring Batch 6.0 and will be removed in version 7.0.
2026-08-12T21:40:40.151+09:00  WARN 27036 --- [game-history-lab] [           main] o.s.b.c.l.AbstractListenerFactoryBean    : org.springframework.batch.infrastructure.item.ItemProcessor is an interface. The implementing class will not be queried for annotation based listener configurations. If using @StepScope on a @Bean method, be sure to return the implementing class so listener annotations can be used.
2026-08-12T21:40:40.151+09:00  INFO 27036 --- [game-history-lab] [           main] o.s.b.c.step.item.ChunkOrientedTasklet   : DEPRECATION NOTE: The legacy implementation of the chunk-oriented processing model is deprecated as of Spring Batch 6.0 and will be removed in version 7.0.
2026-08-12T21:40:40.272+09:00  INFO 27036 --- [game-history-lab] [           main] l.g.GameHistoryLabApplicationKt          : Started GameHistoryLabApplicationKt in 1.784 seconds (process running for 2.143)
2026-08-12T21:40:40.384+09:00  INFO 27036 --- [game-history-lab] [           main] o.s.b.c.l.s.TaskExecutorJobLauncher      : Job: [SimpleJob: [name=incrementalGameHistoryReadModelJob]] launched with the following parameters: [{JobParameter{name='failAfterCount', value=0, type=class java.lang.Long, identifying=false},JobParameter{name='upperUpdatedAt', value=2026-08-12T00:10, type=class java.time.LocalDateTime, identifying=true},JobParameter{name='upperGameId', value=9223372036854775807, type=class java.lang.Long, identifying=true},JobParameter{name='lowerUpdatedAt', value=2026-08-12T00:04, type=class java.time.LocalDateTime, identifying=true},JobParameter{name='runId', value=stage4-c60-r10-20260812T124000Z, type=class java.lang.String, identifying=true},JobParameter{name='lowerGameId', value=0, type=class java.lang.Long, identifying=true}}]
2026-08-12T21:40:40.468+09:00  INFO 27036 --- [game-history-lab] [           main] o.s.batch.core.step.AbstractStep         : Executing step: [processIncrementalChangesStep]
2026-08-12T21:40:40.542+09:00  INFO 27036 --- [game-history-lab] [           main] o.s.batch.core.step.AbstractStep         : Step: [processIncrementalChangesStep] executed in 78ms
2026-08-12T21:40:40.597+09:00  INFO 27036 --- [game-history-lab] [           main] o.s.batch.core.step.AbstractStep         : Executing step: [advanceIncrementalCheckpointStep]
2026-08-12T21:40:40.614+09:00  INFO 27036 --- [game-history-lab] [           main] o.s.batch.core.step.AbstractStep         : Step: [advanceIncrementalCheckpointStep] executed in 22ms
2026-08-12T21:40:40.650+09:00  INFO 27036 --- [game-history-lab] [           main] o.s.b.c.l.s.TaskExecutorJobLauncher      : Job: [SimpleJob: [name=incrementalGameHistoryReadModelJob]] completed with the following parameters: [{JobParameter{name='failAfterCount', value=0, type=class java.lang.Long, identifying=false},JobParameter{name='upperUpdatedAt', value=2026-08-12T00:10, type=class java.time.LocalDateTime, identifying=true},JobParameter{name='upperGameId', value=9223372036854775807, type=class java.lang.Long, identifying=true},JobParameter{name='lowerUpdatedAt', value=2026-08-12T00:04, type=class java.time.LocalDateTime, identifying=true},JobParameter{name='runId', value=stage4-c60-r10-20260812T124000Z, type=class java.lang.String, identifying=true},JobParameter{name='lowerGameId', value=0, type=class java.lang.Long, identifying=true}}] and the following status: [COMPLETED] in 209ms
STAGE4_STEP name=processIncrementalChangesStep status=COMPLETED read=1 write=1 commit=1 rollback=0
STAGE4_STEP name=advanceIncrementalCheckpointStep status=COMPLETED read=0 write=0 commit=1 rollback=0
STAGE4_JOB executionId=204 instanceId=200 status=COMPLETED lowerUpdatedAt=2026-08-12T00:04 lowerGameId=0 upperUpdatedAt=2026-08-12T00:10 durationMs=361
2026-08-12T21:40:40.659+09:00  INFO 27036 --- [game-history-lab] [ionShutdownHook] com.zaxxer.hikari.HikariDataSource       : HikariPool-1 - Shutdown initiated...
2026-08-12T21:40:40.667+09:00  INFO 27036 --- [game-history-lab] [ionShutdownHook] com.zaxxer.hikari.HikariDataSource       : HikariPool-1 - Shutdown completed.
tick_seconds=660
apply_command=SET @elapsed_seconds=660; scripts/sql/apply-stage4-workload.sql

  .   ____          _            __ _ _
 /\\ / ___'_ __ _ _(_)_ __  __ _ \ \ \ \
( ( )\___ | '_ | '_| | '_ \/ _` | \ \ \ \
 \\/  ___)| |_)| | | | | || (_| |  ) ) ) )
  '  |____| .__|_| |_|_| |_\__, | / / / /
 =========|_|==============|___/=/_/_/_/

 :: Spring Boot ::                (v4.1.0)

2026-08-12T21:40:42.017+09:00  INFO 27084 --- [game-history-lab] [           main] l.g.GameHistoryLabApplicationKt          : Starting GameHistoryLabApplicationKt v0.0.1-SNAPSHOT using Java 21.0.5 with PID 27084 (/Users/hongseungjun/이직/project/game-history-lab/build/libs/game-history-lab-0.0.1-SNAPSHOT.jar started by hongseungjun in /Users/hongseungjun/이직/project/game-history-lab)
2026-08-12T21:40:42.020+09:00  INFO 27084 --- [game-history-lab] [           main] l.g.GameHistoryLabApplicationKt          : No active profile set, falling back to 1 default profile: "default"
2026-08-12T21:40:42.901+09:00  INFO 27084 --- [game-history-lab] [           main] com.zaxxer.hikari.HikariDataSource       : HikariPool-1 - Starting...
2026-08-12T21:40:43.168+09:00  INFO 27084 --- [game-history-lab] [           main] com.zaxxer.hikari.pool.HikariPool        : HikariPool-1 - Added connection com.mysql.cj.jdbc.ConnectionImpl@2b79c8ff
2026-08-12T21:40:43.169+09:00  INFO 27084 --- [game-history-lab] [           main] com.zaxxer.hikari.HikariDataSource       : HikariPool-1 - Start completed.
2026-08-12T21:40:43.320+09:00  WARN 27084 --- [game-history-lab] [           main] o.s.b.c.l.AbstractListenerFactoryBean    : org.springframework.batch.infrastructure.item.ItemProcessor is an interface. The implementing class will not be queried for annotation based listener configurations. If using @StepScope on a @Bean method, be sure to return the implementing class so listener annotations can be used.
2026-08-12T21:40:43.326+09:00  INFO 27084 --- [game-history-lab] [           main] o.s.b.c.step.item.ChunkOrientedTasklet   : DEPRECATION NOTE: The legacy implementation of the chunk-oriented processing model is deprecated as of Spring Batch 6.0 and will be removed in version 7.0.
2026-08-12T21:40:43.350+09:00  WARN 27084 --- [game-history-lab] [           main] o.s.b.c.l.AbstractListenerFactoryBean    : org.springframework.batch.infrastructure.item.ItemProcessor is an interface. The implementing class will not be queried for annotation based listener configurations. If using @StepScope on a @Bean method, be sure to return the implementing class so listener annotations can be used.
2026-08-12T21:40:43.350+09:00  INFO 27084 --- [game-history-lab] [           main] o.s.b.c.step.item.ChunkOrientedTasklet   : DEPRECATION NOTE: The legacy implementation of the chunk-oriented processing model is deprecated as of Spring Batch 6.0 and will be removed in version 7.0.
2026-08-12T21:40:43.472+09:00  INFO 27084 --- [game-history-lab] [           main] l.g.GameHistoryLabApplicationKt          : Started GameHistoryLabApplicationKt in 1.774 seconds (process running for 2.119)
2026-08-12T21:40:43.566+09:00  INFO 27084 --- [game-history-lab] [           main] o.s.b.c.l.s.TaskExecutorJobLauncher      : Job: [SimpleJob: [name=incrementalGameHistoryReadModelJob]] launched with the following parameters: [{JobParameter{name='failAfterCount', value=0, type=class java.lang.Long, identifying=false},JobParameter{name='upperUpdatedAt', value=2026-08-12T00:11, type=class java.time.LocalDateTime, identifying=true},JobParameter{name='upperGameId', value=9223372036854775807, type=class java.lang.Long, identifying=true},JobParameter{name='lowerUpdatedAt', value=2026-08-12T00:05, type=class java.time.LocalDateTime, identifying=true},JobParameter{name='runId', value=stage4-c60-r11-20260812T124000Z, type=class java.lang.String, identifying=true},JobParameter{name='lowerGameId', value=0, type=class java.lang.Long, identifying=true}}]
2026-08-12T21:40:43.651+09:00  INFO 27084 --- [game-history-lab] [           main] o.s.batch.core.step.AbstractStep         : Executing step: [processIncrementalChangesStep]
2026-08-12T21:40:43.728+09:00  INFO 27084 --- [game-history-lab] [           main] o.s.batch.core.step.AbstractStep         : Step: [processIncrementalChangesStep] executed in 83ms
2026-08-12T21:40:43.782+09:00  INFO 27084 --- [game-history-lab] [           main] o.s.batch.core.step.AbstractStep         : Executing step: [advanceIncrementalCheckpointStep]
2026-08-12T21:40:43.800+09:00  INFO 27084 --- [game-history-lab] [           main] o.s.batch.core.step.AbstractStep         : Step: [advanceIncrementalCheckpointStep] executed in 22ms
2026-08-12T21:40:43.836+09:00  INFO 27084 --- [game-history-lab] [           main] o.s.b.c.l.s.TaskExecutorJobLauncher      : Job: [SimpleJob: [name=incrementalGameHistoryReadModelJob]] completed with the following parameters: [{JobParameter{name='failAfterCount', value=0, type=class java.lang.Long, identifying=false},JobParameter{name='upperUpdatedAt', value=2026-08-12T00:11, type=class java.time.LocalDateTime, identifying=true},JobParameter{name='upperGameId', value=9223372036854775807, type=class java.lang.Long, identifying=true},JobParameter{name='lowerUpdatedAt', value=2026-08-12T00:05, type=class java.time.LocalDateTime, identifying=true},JobParameter{name='runId', value=stage4-c60-r11-20260812T124000Z, type=class java.lang.String, identifying=true},JobParameter{name='lowerGameId', value=0, type=class java.lang.Long, identifying=true}}] and the following status: [COMPLETED] in 218ms
STAGE4_STEP name=processIncrementalChangesStep status=COMPLETED read=1 write=1 commit=1 rollback=0
STAGE4_STEP name=advanceIncrementalCheckpointStep status=COMPLETED read=0 write=0 commit=1 rollback=0
STAGE4_JOB executionId=205 instanceId=201 status=COMPLETED lowerUpdatedAt=2026-08-12T00:05 lowerGameId=0 upperUpdatedAt=2026-08-12T00:11 durationMs=347
2026-08-12T21:40:43.844+09:00  INFO 27084 --- [game-history-lab] [ionShutdownHook] com.zaxxer.hikari.HikariDataSource       : HikariPool-1 - Shutdown initiated...
2026-08-12T21:40:43.848+09:00  INFO 27084 --- [game-history-lab] [ionShutdownHook] com.zaxxer.hikari.HikariDataSource       : HikariPool-1 - Shutdown completed.
tick_seconds=720
apply_command=SET @elapsed_seconds=720; scripts/sql/apply-stage4-workload.sql

  .   ____          _            __ _ _
 /\\ / ___'_ __ _ _(_)_ __  __ _ \ \ \ \
( ( )\___ | '_ | '_| | '_ \/ _` | \ \ \ \
 \\/  ___)| |_)| | | | | || (_| |  ) ) ) )
  '  |____| .__|_| |_|_| |_\__, | / / / /
 =========|_|==============|___/=/_/_/_/

 :: Spring Boot ::                (v4.1.0)

2026-08-12T21:40:45.181+09:00  INFO 27137 --- [game-history-lab] [           main] l.g.GameHistoryLabApplicationKt          : Starting GameHistoryLabApplicationKt v0.0.1-SNAPSHOT using Java 21.0.5 with PID 27137 (/Users/hongseungjun/이직/project/game-history-lab/build/libs/game-history-lab-0.0.1-SNAPSHOT.jar started by hongseungjun in /Users/hongseungjun/이직/project/game-history-lab)
2026-08-12T21:40:45.183+09:00  INFO 27137 --- [game-history-lab] [           main] l.g.GameHistoryLabApplicationKt          : No active profile set, falling back to 1 default profile: "default"
2026-08-12T21:40:46.065+09:00  INFO 27137 --- [game-history-lab] [           main] com.zaxxer.hikari.HikariDataSource       : HikariPool-1 - Starting...
2026-08-12T21:40:46.337+09:00  INFO 27137 --- [game-history-lab] [           main] com.zaxxer.hikari.pool.HikariPool        : HikariPool-1 - Added connection com.mysql.cj.jdbc.ConnectionImpl@c97721b
2026-08-12T21:40:46.338+09:00  INFO 27137 --- [game-history-lab] [           main] com.zaxxer.hikari.HikariDataSource       : HikariPool-1 - Start completed.
2026-08-12T21:40:46.470+09:00  WARN 27137 --- [game-history-lab] [           main] o.s.b.c.l.AbstractListenerFactoryBean    : org.springframework.batch.infrastructure.item.ItemProcessor is an interface. The implementing class will not be queried for annotation based listener configurations. If using @StepScope on a @Bean method, be sure to return the implementing class so listener annotations can be used.
2026-08-12T21:40:46.476+09:00  INFO 27137 --- [game-history-lab] [           main] o.s.b.c.step.item.ChunkOrientedTasklet   : DEPRECATION NOTE: The legacy implementation of the chunk-oriented processing model is deprecated as of Spring Batch 6.0 and will be removed in version 7.0.
2026-08-12T21:40:46.491+09:00  WARN 27137 --- [game-history-lab] [           main] o.s.b.c.l.AbstractListenerFactoryBean    : org.springframework.batch.infrastructure.item.ItemProcessor is an interface. The implementing class will not be queried for annotation based listener configurations. If using @StepScope on a @Bean method, be sure to return the implementing class so listener annotations can be used.
2026-08-12T21:40:46.491+09:00  INFO 27137 --- [game-history-lab] [           main] o.s.b.c.step.item.ChunkOrientedTasklet   : DEPRECATION NOTE: The legacy implementation of the chunk-oriented processing model is deprecated as of Spring Batch 6.0 and will be removed in version 7.0.
2026-08-12T21:40:46.599+09:00  INFO 27137 --- [game-history-lab] [           main] l.g.GameHistoryLabApplicationKt          : Started GameHistoryLabApplicationKt in 1.732 seconds (process running for 2.067)
2026-08-12T21:40:46.708+09:00  INFO 27137 --- [game-history-lab] [           main] o.s.b.c.l.s.TaskExecutorJobLauncher      : Job: [SimpleJob: [name=incrementalGameHistoryReadModelJob]] launched with the following parameters: [{JobParameter{name='failAfterCount', value=0, type=class java.lang.Long, identifying=false},JobParameter{name='upperUpdatedAt', value=2026-08-12T00:12, type=class java.time.LocalDateTime, identifying=true},JobParameter{name='upperGameId', value=9223372036854775807, type=class java.lang.Long, identifying=true},JobParameter{name='lowerUpdatedAt', value=2026-08-12T00:06, type=class java.time.LocalDateTime, identifying=true},JobParameter{name='runId', value=stage4-c60-r12-20260812T124000Z, type=class java.lang.String, identifying=true},JobParameter{name='lowerGameId', value=0, type=class java.lang.Long, identifying=true}}]
2026-08-12T21:40:46.806+09:00  INFO 27137 --- [game-history-lab] [           main] o.s.batch.core.step.AbstractStep         : Executing step: [processIncrementalChangesStep]
2026-08-12T21:40:46.884+09:00  INFO 27137 --- [game-history-lab] [           main] o.s.batch.core.step.AbstractStep         : Step: [processIncrementalChangesStep] executed in 93ms
2026-08-12T21:40:46.937+09:00  INFO 27137 --- [game-history-lab] [           main] o.s.batch.core.step.AbstractStep         : Executing step: [advanceIncrementalCheckpointStep]
2026-08-12T21:40:46.949+09:00  INFO 27137 --- [game-history-lab] [           main] o.s.batch.core.step.AbstractStep         : Step: [advanceIncrementalCheckpointStep] executed in 16ms
2026-08-12T21:40:46.977+09:00  INFO 27137 --- [game-history-lab] [           main] o.s.b.c.l.s.TaskExecutorJobLauncher      : Job: [SimpleJob: [name=incrementalGameHistoryReadModelJob]] completed with the following parameters: [{JobParameter{name='failAfterCount', value=0, type=class java.lang.Long, identifying=false},JobParameter{name='upperUpdatedAt', value=2026-08-12T00:12, type=class java.time.LocalDateTime, identifying=true},JobParameter{name='upperGameId', value=9223372036854775807, type=class java.lang.Long, identifying=true},JobParameter{name='lowerUpdatedAt', value=2026-08-12T00:06, type=class java.time.LocalDateTime, identifying=true},JobParameter{name='runId', value=stage4-c60-r12-20260812T124000Z, type=class java.lang.String, identifying=true},JobParameter{name='lowerGameId', value=0, type=class java.lang.Long, identifying=true}}] and the following status: [COMPLETED] in 212ms
STAGE4_STEP name=processIncrementalChangesStep status=COMPLETED read=1 write=1 commit=1 rollback=0
STAGE4_STEP name=advanceIncrementalCheckpointStep status=COMPLETED read=0 write=0 commit=1 rollback=0
STAGE4_JOB executionId=206 instanceId=202 status=COMPLETED lowerUpdatedAt=2026-08-12T00:06 lowerGameId=0 upperUpdatedAt=2026-08-12T00:12 durationMs=358
2026-08-12T21:40:46.992+09:00  INFO 27137 --- [game-history-lab] [ionShutdownHook] com.zaxxer.hikari.HikariDataSource       : HikariPool-1 - Shutdown initiated...
2026-08-12T21:40:46.997+09:00  INFO 27137 --- [game-history-lab] [ionShutdownHook] com.zaxxer.hikari.HikariDataSource       : HikariPool-1 - Shutdown completed.
tick_seconds=780
apply_command=SET @elapsed_seconds=780; scripts/sql/apply-stage4-workload.sql

  .   ____          _            __ _ _
 /\\ / ___'_ __ _ _(_)_ __  __ _ \ \ \ \
( ( )\___ | '_ | '_| | '_ \/ _` | \ \ \ \
 \\/  ___)| |_)| | | | | || (_| |  ) ) ) )
  '  |____| .__|_| |_|_| |_\__, | / / / /
 =========|_|==============|___/=/_/_/_/

 :: Spring Boot ::                (v4.1.0)

2026-08-12T21:40:48.357+09:00  INFO 27292 --- [game-history-lab] [           main] l.g.GameHistoryLabApplicationKt          : Starting GameHistoryLabApplicationKt v0.0.1-SNAPSHOT using Java 21.0.5 with PID 27292 (/Users/hongseungjun/이직/project/game-history-lab/build/libs/game-history-lab-0.0.1-SNAPSHOT.jar started by hongseungjun in /Users/hongseungjun/이직/project/game-history-lab)
2026-08-12T21:40:48.360+09:00  INFO 27292 --- [game-history-lab] [           main] l.g.GameHistoryLabApplicationKt          : No active profile set, falling back to 1 default profile: "default"
2026-08-12T21:40:49.334+09:00  INFO 27292 --- [game-history-lab] [           main] com.zaxxer.hikari.HikariDataSource       : HikariPool-1 - Starting...
2026-08-12T21:40:49.619+09:00  INFO 27292 --- [game-history-lab] [           main] com.zaxxer.hikari.pool.HikariPool        : HikariPool-1 - Added connection com.mysql.cj.jdbc.ConnectionImpl@c97721b
2026-08-12T21:40:49.620+09:00  INFO 27292 --- [game-history-lab] [           main] com.zaxxer.hikari.HikariDataSource       : HikariPool-1 - Start completed.
2026-08-12T21:40:49.772+09:00  WARN 27292 --- [game-history-lab] [           main] o.s.b.c.l.AbstractListenerFactoryBean    : org.springframework.batch.infrastructure.item.ItemProcessor is an interface. The implementing class will not be queried for annotation based listener configurations. If using @StepScope on a @Bean method, be sure to return the implementing class so listener annotations can be used.
2026-08-12T21:40:49.779+09:00  INFO 27292 --- [game-history-lab] [           main] o.s.b.c.step.item.ChunkOrientedTasklet   : DEPRECATION NOTE: The legacy implementation of the chunk-oriented processing model is deprecated as of Spring Batch 6.0 and will be removed in version 7.0.
2026-08-12T21:40:49.807+09:00  WARN 27292 --- [game-history-lab] [           main] o.s.b.c.l.AbstractListenerFactoryBean    : org.springframework.batch.infrastructure.item.ItemProcessor is an interface. The implementing class will not be queried for annotation based listener configurations. If using @StepScope on a @Bean method, be sure to return the implementing class so listener annotations can be used.
2026-08-12T21:40:49.808+09:00  INFO 27292 --- [game-history-lab] [           main] o.s.b.c.step.item.ChunkOrientedTasklet   : DEPRECATION NOTE: The legacy implementation of the chunk-oriented processing model is deprecated as of Spring Batch 6.0 and will be removed in version 7.0.
2026-08-12T21:40:49.946+09:00  INFO 27292 --- [game-history-lab] [           main] l.g.GameHistoryLabApplicationKt          : Started GameHistoryLabApplicationKt in 1.911 seconds (process running for 2.271)
2026-08-12T21:40:50.054+09:00  INFO 27292 --- [game-history-lab] [           main] o.s.b.c.l.s.TaskExecutorJobLauncher      : Job: [SimpleJob: [name=incrementalGameHistoryReadModelJob]] launched with the following parameters: [{JobParameter{name='failAfterCount', value=0, type=class java.lang.Long, identifying=false},JobParameter{name='upperUpdatedAt', value=2026-08-12T00:13, type=class java.time.LocalDateTime, identifying=true},JobParameter{name='upperGameId', value=9223372036854775807, type=class java.lang.Long, identifying=true},JobParameter{name='lowerUpdatedAt', value=2026-08-12T00:07, type=class java.time.LocalDateTime, identifying=true},JobParameter{name='runId', value=stage4-c60-r13-20260812T124000Z, type=class java.lang.String, identifying=true},JobParameter{name='lowerGameId', value=0, type=class java.lang.Long, identifying=true}}]
2026-08-12T21:40:50.152+09:00  INFO 27292 --- [game-history-lab] [           main] o.s.batch.core.step.AbstractStep         : Executing step: [processIncrementalChangesStep]
2026-08-12T21:40:50.226+09:00  INFO 27292 --- [game-history-lab] [           main] o.s.batch.core.step.AbstractStep         : Step: [processIncrementalChangesStep] executed in 78ms
2026-08-12T21:40:50.273+09:00  INFO 27292 --- [game-history-lab] [           main] o.s.batch.core.step.AbstractStep         : Executing step: [advanceIncrementalCheckpointStep]
2026-08-12T21:40:50.286+09:00  INFO 27292 --- [game-history-lab] [           main] o.s.batch.core.step.AbstractStep         : Step: [advanceIncrementalCheckpointStep] executed in 17ms
2026-08-12T21:40:50.311+09:00  INFO 27292 --- [game-history-lab] [           main] o.s.b.c.l.s.TaskExecutorJobLauncher      : Job: [SimpleJob: [name=incrementalGameHistoryReadModelJob]] completed with the following parameters: [{JobParameter{name='failAfterCount', value=0, type=class java.lang.Long, identifying=false},JobParameter{name='upperUpdatedAt', value=2026-08-12T00:13, type=class java.time.LocalDateTime, identifying=true},JobParameter{name='upperGameId', value=9223372036854775807, type=class java.lang.Long, identifying=true},JobParameter{name='lowerUpdatedAt', value=2026-08-12T00:07, type=class java.time.LocalDateTime, identifying=true},JobParameter{name='runId', value=stage4-c60-r13-20260812T124000Z, type=class java.lang.String, identifying=true},JobParameter{name='lowerGameId', value=0, type=class java.lang.Long, identifying=true}}] and the following status: [COMPLETED] in 201ms
STAGE4_STEP name=processIncrementalChangesStep status=COMPLETED read=2 write=2 commit=1 rollback=0
STAGE4_STEP name=advanceIncrementalCheckpointStep status=COMPLETED read=0 write=0 commit=1 rollback=0
STAGE4_JOB executionId=207 instanceId=203 status=COMPLETED lowerUpdatedAt=2026-08-12T00:07 lowerGameId=0 upperUpdatedAt=2026-08-12T00:13 durationMs=347
2026-08-12T21:40:50.318+09:00  INFO 27292 --- [game-history-lab] [ionShutdownHook] com.zaxxer.hikari.HikariDataSource       : HikariPool-1 - Shutdown initiated...
2026-08-12T21:40:50.322+09:00  INFO 27292 --- [game-history-lab] [ionShutdownHook] com.zaxxer.hikari.HikariDataSource       : HikariPool-1 - Shutdown completed.
tick_seconds=840
apply_command=SET @elapsed_seconds=840; scripts/sql/apply-stage4-workload.sql

  .   ____          _            __ _ _
 /\\ / ___'_ __ _ _(_)_ __  __ _ \ \ \ \
( ( )\___ | '_ | '_| | '_ \/ _` | \ \ \ \
 \\/  ___)| |_)| | | | | || (_| |  ) ) ) )
  '  |____| .__|_| |_|_| |_\__, | / / / /
 =========|_|==============|___/=/_/_/_/

 :: Spring Boot ::                (v4.1.0)

2026-08-12T21:40:51.604+09:00  INFO 27340 --- [game-history-lab] [           main] l.g.GameHistoryLabApplicationKt          : Starting GameHistoryLabApplicationKt v0.0.1-SNAPSHOT using Java 21.0.5 with PID 27340 (/Users/hongseungjun/이직/project/game-history-lab/build/libs/game-history-lab-0.0.1-SNAPSHOT.jar started by hongseungjun in /Users/hongseungjun/이직/project/game-history-lab)
2026-08-12T21:40:51.607+09:00  INFO 27340 --- [game-history-lab] [           main] l.g.GameHistoryLabApplicationKt          : No active profile set, falling back to 1 default profile: "default"
2026-08-12T21:40:52.551+09:00  INFO 27340 --- [game-history-lab] [           main] com.zaxxer.hikari.HikariDataSource       : HikariPool-1 - Starting...
2026-08-12T21:40:52.818+09:00  INFO 27340 --- [game-history-lab] [           main] com.zaxxer.hikari.pool.HikariPool        : HikariPool-1 - Added connection com.mysql.cj.jdbc.ConnectionImpl@c97721b
2026-08-12T21:40:52.819+09:00  INFO 27340 --- [game-history-lab] [           main] com.zaxxer.hikari.HikariDataSource       : HikariPool-1 - Start completed.
2026-08-12T21:40:53.008+09:00  WARN 27340 --- [game-history-lab] [           main] o.s.b.c.l.AbstractListenerFactoryBean    : org.springframework.batch.infrastructure.item.ItemProcessor is an interface. The implementing class will not be queried for annotation based listener configurations. If using @StepScope on a @Bean method, be sure to return the implementing class so listener annotations can be used.
2026-08-12T21:40:53.015+09:00  INFO 27340 --- [game-history-lab] [           main] o.s.b.c.step.item.ChunkOrientedTasklet   : DEPRECATION NOTE: The legacy implementation of the chunk-oriented processing model is deprecated as of Spring Batch 6.0 and will be removed in version 7.0.
2026-08-12T21:40:53.040+09:00  WARN 27340 --- [game-history-lab] [           main] o.s.b.c.l.AbstractListenerFactoryBean    : org.springframework.batch.infrastructure.item.ItemProcessor is an interface. The implementing class will not be queried for annotation based listener configurations. If using @StepScope on a @Bean method, be sure to return the implementing class so listener annotations can be used.
2026-08-12T21:40:53.040+09:00  INFO 27340 --- [game-history-lab] [           main] o.s.b.c.step.item.ChunkOrientedTasklet   : DEPRECATION NOTE: The legacy implementation of the chunk-oriented processing model is deprecated as of Spring Batch 6.0 and will be removed in version 7.0.
2026-08-12T21:40:53.169+09:00  INFO 27340 --- [game-history-lab] [           main] l.g.GameHistoryLabApplicationKt          : Started GameHistoryLabApplicationKt in 1.851 seconds (process running for 2.181)
2026-08-12T21:40:53.287+09:00  INFO 27340 --- [game-history-lab] [           main] o.s.b.c.l.s.TaskExecutorJobLauncher      : Job: [SimpleJob: [name=incrementalGameHistoryReadModelJob]] launched with the following parameters: [{JobParameter{name='failAfterCount', value=0, type=class java.lang.Long, identifying=false},JobParameter{name='upperUpdatedAt', value=2026-08-12T00:14, type=class java.time.LocalDateTime, identifying=true},JobParameter{name='upperGameId', value=9223372036854775807, type=class java.lang.Long, identifying=true},JobParameter{name='lowerUpdatedAt', value=2026-08-12T00:08, type=class java.time.LocalDateTime, identifying=true},JobParameter{name='runId', value=stage4-c60-r14-20260812T124000Z, type=class java.lang.String, identifying=true},JobParameter{name='lowerGameId', value=0, type=class java.lang.Long, identifying=true}}]
2026-08-12T21:40:53.368+09:00  INFO 27340 --- [game-history-lab] [           main] o.s.batch.core.step.AbstractStep         : Executing step: [processIncrementalChangesStep]
2026-08-12T21:40:53.441+09:00  INFO 27340 --- [game-history-lab] [           main] o.s.batch.core.step.AbstractStep         : Step: [processIncrementalChangesStep] executed in 78ms
2026-08-12T21:40:53.479+09:00  INFO 27340 --- [game-history-lab] [           main] o.s.batch.core.step.AbstractStep         : Executing step: [advanceIncrementalCheckpointStep]
2026-08-12T21:40:53.490+09:00  INFO 27340 --- [game-history-lab] [           main] o.s.batch.core.step.AbstractStep         : Step: [advanceIncrementalCheckpointStep] executed in 15ms
2026-08-12T21:40:53.516+09:00  INFO 27340 --- [game-history-lab] [           main] o.s.b.c.l.s.TaskExecutorJobLauncher      : Job: [SimpleJob: [name=incrementalGameHistoryReadModelJob]] completed with the following parameters: [{JobParameter{name='failAfterCount', value=0, type=class java.lang.Long, identifying=false},JobParameter{name='upperUpdatedAt', value=2026-08-12T00:14, type=class java.time.LocalDateTime, identifying=true},JobParameter{name='upperGameId', value=9223372036854775807, type=class java.lang.Long, identifying=true},JobParameter{name='lowerUpdatedAt', value=2026-08-12T00:08, type=class java.time.LocalDateTime, identifying=true},JobParameter{name='runId', value=stage4-c60-r14-20260812T124000Z, type=class java.lang.String, identifying=true},JobParameter{name='lowerGameId', value=0, type=class java.lang.Long, identifying=true}}] and the following status: [COMPLETED] in 175ms
STAGE4_STEP name=processIncrementalChangesStep status=COMPLETED read=1 write=1 commit=1 rollback=0
STAGE4_STEP name=advanceIncrementalCheckpointStep status=COMPLETED read=0 write=0 commit=1 rollback=0
STAGE4_JOB executionId=208 instanceId=204 status=COMPLETED lowerUpdatedAt=2026-08-12T00:08 lowerGameId=0 upperUpdatedAt=2026-08-12T00:14 durationMs=327
2026-08-12T21:40:53.523+09:00  INFO 27340 --- [game-history-lab] [ionShutdownHook] com.zaxxer.hikari.HikariDataSource       : HikariPool-1 - Shutdown initiated...
2026-08-12T21:40:53.528+09:00  INFO 27340 --- [game-history-lab] [ionShutdownHook] com.zaxxer.hikari.HikariDataSource       : HikariPool-1 - Shutdown completed.
tick_seconds=900
apply_command=SET @elapsed_seconds=900; scripts/sql/apply-stage4-workload.sql

  .   ____          _            __ _ _
 /\\ / ___'_ __ _ _(_)_ __  __ _ \ \ \ \
( ( )\___ | '_ | '_| | '_ \/ _` | \ \ \ \
 \\/  ___)| |_)| | | | | || (_| |  ) ) ) )
  '  |____| .__|_| |_|_| |_\__, | / / / /
 =========|_|==============|___/=/_/_/_/

 :: Spring Boot ::                (v4.1.0)

2026-08-12T21:40:54.745+09:00  INFO 27389 --- [game-history-lab] [           main] l.g.GameHistoryLabApplicationKt          : Starting GameHistoryLabApplicationKt v0.0.1-SNAPSHOT using Java 21.0.5 with PID 27389 (/Users/hongseungjun/이직/project/game-history-lab/build/libs/game-history-lab-0.0.1-SNAPSHOT.jar started by hongseungjun in /Users/hongseungjun/이직/project/game-history-lab)
2026-08-12T21:40:54.747+09:00  INFO 27389 --- [game-history-lab] [           main] l.g.GameHistoryLabApplicationKt          : No active profile set, falling back to 1 default profile: "default"
2026-08-12T21:40:55.575+09:00  INFO 27389 --- [game-history-lab] [           main] com.zaxxer.hikari.HikariDataSource       : HikariPool-1 - Starting...
2026-08-12T21:40:55.822+09:00  INFO 27389 --- [game-history-lab] [           main] com.zaxxer.hikari.pool.HikariPool        : HikariPool-1 - Added connection com.mysql.cj.jdbc.ConnectionImpl@c97721b
2026-08-12T21:40:55.823+09:00  INFO 27389 --- [game-history-lab] [           main] com.zaxxer.hikari.HikariDataSource       : HikariPool-1 - Start completed.
2026-08-12T21:40:55.948+09:00  WARN 27389 --- [game-history-lab] [           main] o.s.b.c.l.AbstractListenerFactoryBean    : org.springframework.batch.infrastructure.item.ItemProcessor is an interface. The implementing class will not be queried for annotation based listener configurations. If using @StepScope on a @Bean method, be sure to return the implementing class so listener annotations can be used.
2026-08-12T21:40:55.954+09:00  INFO 27389 --- [game-history-lab] [           main] o.s.b.c.step.item.ChunkOrientedTasklet   : DEPRECATION NOTE: The legacy implementation of the chunk-oriented processing model is deprecated as of Spring Batch 6.0 and will be removed in version 7.0.
2026-08-12T21:40:55.974+09:00  WARN 27389 --- [game-history-lab] [           main] o.s.b.c.l.AbstractListenerFactoryBean    : org.springframework.batch.infrastructure.item.ItemProcessor is an interface. The implementing class will not be queried for annotation based listener configurations. If using @StepScope on a @Bean method, be sure to return the implementing class so listener annotations can be used.
2026-08-12T21:40:55.974+09:00  INFO 27389 --- [game-history-lab] [           main] o.s.b.c.step.item.ChunkOrientedTasklet   : DEPRECATION NOTE: The legacy implementation of the chunk-oriented processing model is deprecated as of Spring Batch 6.0 and will be removed in version 7.0.
2026-08-12T21:40:56.076+09:00  INFO 27389 --- [game-history-lab] [           main] l.g.GameHistoryLabApplicationKt          : Started GameHistoryLabApplicationKt in 1.616 seconds (process running for 1.924)
2026-08-12T21:40:56.162+09:00  INFO 27389 --- [game-history-lab] [           main] o.s.b.c.l.s.TaskExecutorJobLauncher      : Job: [SimpleJob: [name=incrementalGameHistoryReadModelJob]] launched with the following parameters: [{JobParameter{name='failAfterCount', value=0, type=class java.lang.Long, identifying=false},JobParameter{name='upperUpdatedAt', value=2026-08-12T00:15, type=class java.time.LocalDateTime, identifying=true},JobParameter{name='upperGameId', value=9223372036854775807, type=class java.lang.Long, identifying=true},JobParameter{name='lowerUpdatedAt', value=2026-08-12T00:09, type=class java.time.LocalDateTime, identifying=true},JobParameter{name='runId', value=stage4-c60-r15-20260812T124000Z, type=class java.lang.String, identifying=true},JobParameter{name='lowerGameId', value=0, type=class java.lang.Long, identifying=true}}]
2026-08-12T21:40:56.237+09:00  INFO 27389 --- [game-history-lab] [           main] o.s.batch.core.step.AbstractStep         : Executing step: [processIncrementalChangesStep]
2026-08-12T21:40:56.302+09:00  INFO 27389 --- [game-history-lab] [           main] o.s.batch.core.step.AbstractStep         : Step: [processIncrementalChangesStep] executed in 68ms
2026-08-12T21:40:56.354+09:00  INFO 27389 --- [game-history-lab] [           main] o.s.batch.core.step.AbstractStep         : Executing step: [advanceIncrementalCheckpointStep]
2026-08-12T21:40:56.373+09:00  INFO 27389 --- [game-history-lab] [           main] o.s.batch.core.step.AbstractStep         : Step: [advanceIncrementalCheckpointStep] executed in 24ms
2026-08-12T21:40:56.407+09:00  INFO 27389 --- [game-history-lab] [           main] o.s.b.c.l.s.TaskExecutorJobLauncher      : Job: [SimpleJob: [name=incrementalGameHistoryReadModelJob]] completed with the following parameters: [{JobParameter{name='failAfterCount', value=0, type=class java.lang.Long, identifying=false},JobParameter{name='upperUpdatedAt', value=2026-08-12T00:15, type=class java.time.LocalDateTime, identifying=true},JobParameter{name='upperGameId', value=9223372036854775807, type=class java.lang.Long, identifying=true},JobParameter{name='lowerUpdatedAt', value=2026-08-12T00:09, type=class java.time.LocalDateTime, identifying=true},JobParameter{name='runId', value=stage4-c60-r15-20260812T124000Z, type=class java.lang.String, identifying=true},JobParameter{name='lowerGameId', value=0, type=class java.lang.Long, identifying=true}}] and the following status: [COMPLETED] in 196ms
STAGE4_STEP name=processIncrementalChangesStep status=COMPLETED read=1 write=1 commit=1 rollback=0
STAGE4_STEP name=advanceIncrementalCheckpointStep status=COMPLETED read=0 write=0 commit=1 rollback=0
STAGE4_JOB executionId=209 instanceId=205 status=COMPLETED lowerUpdatedAt=2026-08-12T00:09 lowerGameId=0 upperUpdatedAt=2026-08-12T00:15 durationMs=316
2026-08-12T21:40:56.415+09:00  INFO 27389 --- [game-history-lab] [ionShutdownHook] com.zaxxer.hikari.HikariDataSource       : HikariPool-1 - Shutdown initiated...
2026-08-12T21:40:56.422+09:00  INFO 27389 --- [game-history-lab] [ionShutdownHook] com.zaxxer.hikari.HikariDataSource       : HikariPool-1 - Shutdown completed.
tick_seconds=960
apply_command=SET @elapsed_seconds=960; scripts/sql/apply-stage4-workload.sql

  .   ____          _            __ _ _
 /\\ / ___'_ __ _ _(_)_ __  __ _ \ \ \ \
( ( )\___ | '_ | '_| | '_ \/ _` | \ \ \ \
 \\/  ___)| |_)| | | | | || (_| |  ) ) ) )
  '  |____| .__|_| |_|_| |_\__, | / / / /
 =========|_|==============|___/=/_/_/_/

 :: Spring Boot ::                (v4.1.0)

2026-08-12T21:40:57.826+09:00  INFO 27546 --- [game-history-lab] [           main] l.g.GameHistoryLabApplicationKt          : Starting GameHistoryLabApplicationKt v0.0.1-SNAPSHOT using Java 21.0.5 with PID 27546 (/Users/hongseungjun/이직/project/game-history-lab/build/libs/game-history-lab-0.0.1-SNAPSHOT.jar started by hongseungjun in /Users/hongseungjun/이직/project/game-history-lab)
2026-08-12T21:40:57.829+09:00  INFO 27546 --- [game-history-lab] [           main] l.g.GameHistoryLabApplicationKt          : No active profile set, falling back to 1 default profile: "default"
2026-08-12T21:40:58.796+09:00  INFO 27546 --- [game-history-lab] [           main] com.zaxxer.hikari.HikariDataSource       : HikariPool-1 - Starting...
2026-08-12T21:40:59.186+09:00  INFO 27546 --- [game-history-lab] [           main] com.zaxxer.hikari.pool.HikariPool        : HikariPool-1 - Added connection com.mysql.cj.jdbc.ConnectionImpl@2b79c8ff
2026-08-12T21:40:59.190+09:00  INFO 27546 --- [game-history-lab] [           main] com.zaxxer.hikari.HikariDataSource       : HikariPool-1 - Start completed.
2026-08-12T21:40:59.424+09:00  WARN 27546 --- [game-history-lab] [           main] o.s.b.c.l.AbstractListenerFactoryBean    : org.springframework.batch.infrastructure.item.ItemProcessor is an interface. The implementing class will not be queried for annotation based listener configurations. If using @StepScope on a @Bean method, be sure to return the implementing class so listener annotations can be used.
2026-08-12T21:40:59.447+09:00  INFO 27546 --- [game-history-lab] [           main] o.s.b.c.step.item.ChunkOrientedTasklet   : DEPRECATION NOTE: The legacy implementation of the chunk-oriented processing model is deprecated as of Spring Batch 6.0 and will be removed in version 7.0.
2026-08-12T21:40:59.469+09:00  WARN 27546 --- [game-history-lab] [           main] o.s.b.c.l.AbstractListenerFactoryBean    : org.springframework.batch.infrastructure.item.ItemProcessor is an interface. The implementing class will not be queried for annotation based listener configurations. If using @StepScope on a @Bean method, be sure to return the implementing class so listener annotations can be used.
2026-08-12T21:40:59.469+09:00  INFO 27546 --- [game-history-lab] [           main] o.s.b.c.step.item.ChunkOrientedTasklet   : DEPRECATION NOTE: The legacy implementation of the chunk-oriented processing model is deprecated as of Spring Batch 6.0 and will be removed in version 7.0.
2026-08-12T21:40:59.602+09:00  INFO 27546 --- [game-history-lab] [           main] l.g.GameHistoryLabApplicationKt          : Started GameHistoryLabApplicationKt in 2.093 seconds (process running for 2.441)
2026-08-12T21:40:59.718+09:00  INFO 27546 --- [game-history-lab] [           main] o.s.b.c.l.s.TaskExecutorJobLauncher      : Job: [SimpleJob: [name=incrementalGameHistoryReadModelJob]] launched with the following parameters: [{JobParameter{name='failAfterCount', value=0, type=class java.lang.Long, identifying=false},JobParameter{name='upperUpdatedAt', value=2026-08-12T00:16, type=class java.time.LocalDateTime, identifying=true},JobParameter{name='upperGameId', value=9223372036854775807, type=class java.lang.Long, identifying=true},JobParameter{name='lowerUpdatedAt', value=2026-08-12T00:10, type=class java.time.LocalDateTime, identifying=true},JobParameter{name='runId', value=stage4-c60-r16-20260812T124000Z, type=class java.lang.String, identifying=true},JobParameter{name='lowerGameId', value=0, type=class java.lang.Long, identifying=true}}]
2026-08-12T21:40:59.807+09:00  INFO 27546 --- [game-history-lab] [           main] o.s.batch.core.step.AbstractStep         : Executing step: [processIncrementalChangesStep]
2026-08-12T21:40:59.890+09:00  INFO 27546 --- [game-history-lab] [           main] o.s.batch.core.step.AbstractStep         : Step: [processIncrementalChangesStep] executed in 90ms
2026-08-12T21:40:59.942+09:00  INFO 27546 --- [game-history-lab] [           main] o.s.batch.core.step.AbstractStep         : Executing step: [advanceIncrementalCheckpointStep]
2026-08-12T21:40:59.954+09:00  INFO 27546 --- [game-history-lab] [           main] o.s.batch.core.step.AbstractStep         : Step: [advanceIncrementalCheckpointStep] executed in 16ms
2026-08-12T21:40:59.980+09:00  INFO 27546 --- [game-history-lab] [           main] o.s.b.c.l.s.TaskExecutorJobLauncher      : Job: [SimpleJob: [name=incrementalGameHistoryReadModelJob]] completed with the following parameters: [{JobParameter{name='failAfterCount', value=0, type=class java.lang.Long, identifying=false},JobParameter{name='upperUpdatedAt', value=2026-08-12T00:16, type=class java.time.LocalDateTime, identifying=true},JobParameter{name='upperGameId', value=9223372036854775807, type=class java.lang.Long, identifying=true},JobParameter{name='lowerUpdatedAt', value=2026-08-12T00:10, type=class java.time.LocalDateTime, identifying=true},JobParameter{name='runId', value=stage4-c60-r16-20260812T124000Z, type=class java.lang.String, identifying=true},JobParameter{name='lowerGameId', value=0, type=class java.lang.Long, identifying=true}}] and the following status: [COMPLETED] in 205ms
STAGE4_STEP name=processIncrementalChangesStep status=COMPLETED read=1 write=1 commit=1 rollback=0
STAGE4_STEP name=advanceIncrementalCheckpointStep status=COMPLETED read=0 write=0 commit=1 rollback=0
STAGE4_JOB executionId=210 instanceId=206 status=COMPLETED lowerUpdatedAt=2026-08-12T00:10 lowerGameId=0 upperUpdatedAt=2026-08-12T00:16 durationMs=358
2026-08-12T21:40:59.987+09:00  INFO 27546 --- [game-history-lab] [ionShutdownHook] com.zaxxer.hikari.HikariDataSource       : HikariPool-1 - Shutdown initiated...
2026-08-12T21:40:59.991+09:00  INFO 27546 --- [game-history-lab] [ionShutdownHook] com.zaxxer.hikari.HikariDataSource       : HikariPool-1 - Shutdown completed.
tick_seconds=1020
apply_command=SET @elapsed_seconds=1020; scripts/sql/apply-stage4-workload.sql

  .   ____          _            __ _ _
 /\\ / ___'_ __ _ _(_)_ __  __ _ \ \ \ \
( ( )\___ | '_ | '_| | '_ \/ _` | \ \ \ \
 \\/  ___)| |_)| | | | | || (_| |  ) ) ) )
  '  |____| .__|_| |_|_| |_\__, | / / / /
 =========|_|==============|___/=/_/_/_/

 :: Spring Boot ::                (v4.1.0)

2026-08-12T21:41:01.434+09:00  INFO 27599 --- [game-history-lab] [           main] l.g.GameHistoryLabApplicationKt          : Starting GameHistoryLabApplicationKt v0.0.1-SNAPSHOT using Java 21.0.5 with PID 27599 (/Users/hongseungjun/이직/project/game-history-lab/build/libs/game-history-lab-0.0.1-SNAPSHOT.jar started by hongseungjun in /Users/hongseungjun/이직/project/game-history-lab)
2026-08-12T21:41:01.438+09:00  INFO 27599 --- [game-history-lab] [           main] l.g.GameHistoryLabApplicationKt          : No active profile set, falling back to 1 default profile: "default"
2026-08-12T21:41:02.241+09:00  INFO 27599 --- [game-history-lab] [           main] com.zaxxer.hikari.HikariDataSource       : HikariPool-1 - Starting...
2026-08-12T21:41:02.483+09:00  INFO 27599 --- [game-history-lab] [           main] com.zaxxer.hikari.pool.HikariPool        : HikariPool-1 - Added connection com.mysql.cj.jdbc.ConnectionImpl@c97721b
2026-08-12T21:41:02.483+09:00  INFO 27599 --- [game-history-lab] [           main] com.zaxxer.hikari.HikariDataSource       : HikariPool-1 - Start completed.
2026-08-12T21:41:02.606+09:00  WARN 27599 --- [game-history-lab] [           main] o.s.b.c.l.AbstractListenerFactoryBean    : org.springframework.batch.infrastructure.item.ItemProcessor is an interface. The implementing class will not be queried for annotation based listener configurations. If using @StepScope on a @Bean method, be sure to return the implementing class so listener annotations can be used.
2026-08-12T21:41:02.612+09:00  INFO 27599 --- [game-history-lab] [           main] o.s.b.c.step.item.ChunkOrientedTasklet   : DEPRECATION NOTE: The legacy implementation of the chunk-oriented processing model is deprecated as of Spring Batch 6.0 and will be removed in version 7.0.
2026-08-12T21:41:02.631+09:00  WARN 27599 --- [game-history-lab] [           main] o.s.b.c.l.AbstractListenerFactoryBean    : org.springframework.batch.infrastructure.item.ItemProcessor is an interface. The implementing class will not be queried for annotation based listener configurations. If using @StepScope on a @Bean method, be sure to return the implementing class so listener annotations can be used.
2026-08-12T21:41:02.631+09:00  INFO 27599 --- [game-history-lab] [           main] o.s.b.c.step.item.ChunkOrientedTasklet   : DEPRECATION NOTE: The legacy implementation of the chunk-oriented processing model is deprecated as of Spring Batch 6.0 and will be removed in version 7.0.
2026-08-12T21:41:02.719+09:00  INFO 27599 --- [game-history-lab] [           main] l.g.GameHistoryLabApplicationKt          : Started GameHistoryLabApplicationKt in 1.699 seconds (process running for 2.027)
2026-08-12T21:41:02.794+09:00  INFO 27599 --- [game-history-lab] [           main] o.s.b.c.l.s.TaskExecutorJobLauncher      : Job: [SimpleJob: [name=incrementalGameHistoryReadModelJob]] launched with the following parameters: [{JobParameter{name='failAfterCount', value=0, type=class java.lang.Long, identifying=false},JobParameter{name='upperUpdatedAt', value=2026-08-12T00:17, type=class java.time.LocalDateTime, identifying=true},JobParameter{name='upperGameId', value=9223372036854775807, type=class java.lang.Long, identifying=true},JobParameter{name='lowerUpdatedAt', value=2026-08-12T00:11, type=class java.time.LocalDateTime, identifying=true},JobParameter{name='runId', value=stage4-c60-r17-20260812T124000Z, type=class java.lang.String, identifying=true},JobParameter{name='lowerGameId', value=0, type=class java.lang.Long, identifying=true}}]
2026-08-12T21:41:02.855+09:00  INFO 27599 --- [game-history-lab] [           main] o.s.batch.core.step.AbstractStep         : Executing step: [processIncrementalChangesStep]
2026-08-12T21:41:02.916+09:00  INFO 27599 --- [game-history-lab] [           main] o.s.batch.core.step.AbstractStep         : Step: [processIncrementalChangesStep] executed in 66ms
2026-08-12T21:41:02.953+09:00  INFO 27599 --- [game-history-lab] [           main] o.s.batch.core.step.AbstractStep         : Executing step: [advanceIncrementalCheckpointStep]
2026-08-12T21:41:02.967+09:00  INFO 27599 --- [game-history-lab] [           main] o.s.batch.core.step.AbstractStep         : Step: [advanceIncrementalCheckpointStep] executed in 18ms
2026-08-12T21:41:02.992+09:00  INFO 27599 --- [game-history-lab] [           main] o.s.b.c.l.s.TaskExecutorJobLauncher      : Job: [SimpleJob: [name=incrementalGameHistoryReadModelJob]] completed with the following parameters: [{JobParameter{name='failAfterCount', value=0, type=class java.lang.Long, identifying=false},JobParameter{name='upperUpdatedAt', value=2026-08-12T00:17, type=class java.time.LocalDateTime, identifying=true},JobParameter{name='upperGameId', value=9223372036854775807, type=class java.lang.Long, identifying=true},JobParameter{name='lowerUpdatedAt', value=2026-08-12T00:11, type=class java.time.LocalDateTime, identifying=true},JobParameter{name='runId', value=stage4-c60-r17-20260812T124000Z, type=class java.lang.String, identifying=true},JobParameter{name='lowerGameId', value=0, type=class java.lang.Long, identifying=true}}] and the following status: [COMPLETED] in 158ms
STAGE4_STEP name=processIncrementalChangesStep status=COMPLETED read=1 write=1 commit=1 rollback=0
STAGE4_STEP name=advanceIncrementalCheckpointStep status=COMPLETED read=0 write=0 commit=1 rollback=0
STAGE4_JOB executionId=211 instanceId=207 status=COMPLETED lowerUpdatedAt=2026-08-12T00:11 lowerGameId=0 upperUpdatedAt=2026-08-12T00:17 durationMs=261
2026-08-12T21:41:02.999+09:00  INFO 27599 --- [game-history-lab] [ionShutdownHook] com.zaxxer.hikari.HikariDataSource       : HikariPool-1 - Shutdown initiated...
2026-08-12T21:41:03.047+09:00  INFO 27599 --- [game-history-lab] [ionShutdownHook] com.zaxxer.hikari.HikariDataSource       : HikariPool-1 - Shutdown completed.
tick_seconds=1080
apply_command=SET @elapsed_seconds=1080; scripts/sql/apply-stage4-workload.sql

  .   ____          _            __ _ _
 /\\ / ___'_ __ _ _(_)_ __  __ _ \ \ \ \
( ( )\___ | '_ | '_| | '_ \/ _` | \ \ \ \
 \\/  ___)| |_)| | | | | || (_| |  ) ) ) )
  '  |____| .__|_| |_|_| |_\__, | / / / /
 =========|_|==============|___/=/_/_/_/

 :: Spring Boot ::                (v4.1.0)

2026-08-12T21:41:04.319+09:00  INFO 27649 --- [game-history-lab] [           main] l.g.GameHistoryLabApplicationKt          : Starting GameHistoryLabApplicationKt v0.0.1-SNAPSHOT using Java 21.0.5 with PID 27649 (/Users/hongseungjun/이직/project/game-history-lab/build/libs/game-history-lab-0.0.1-SNAPSHOT.jar started by hongseungjun in /Users/hongseungjun/이직/project/game-history-lab)
2026-08-12T21:41:04.321+09:00  INFO 27649 --- [game-history-lab] [           main] l.g.GameHistoryLabApplicationKt          : No active profile set, falling back to 1 default profile: "default"
2026-08-12T21:41:05.069+09:00  INFO 27649 --- [game-history-lab] [           main] com.zaxxer.hikari.HikariDataSource       : HikariPool-1 - Starting...
2026-08-12T21:41:05.307+09:00  INFO 27649 --- [game-history-lab] [           main] com.zaxxer.hikari.pool.HikariPool        : HikariPool-1 - Added connection com.mysql.cj.jdbc.ConnectionImpl@c97721b
2026-08-12T21:41:05.307+09:00  INFO 27649 --- [game-history-lab] [           main] com.zaxxer.hikari.HikariDataSource       : HikariPool-1 - Start completed.
2026-08-12T21:41:05.426+09:00  WARN 27649 --- [game-history-lab] [           main] o.s.b.c.l.AbstractListenerFactoryBean    : org.springframework.batch.infrastructure.item.ItemProcessor is an interface. The implementing class will not be queried for annotation based listener configurations. If using @StepScope on a @Bean method, be sure to return the implementing class so listener annotations can be used.
2026-08-12T21:41:05.431+09:00  INFO 27649 --- [game-history-lab] [           main] o.s.b.c.step.item.ChunkOrientedTasklet   : DEPRECATION NOTE: The legacy implementation of the chunk-oriented processing model is deprecated as of Spring Batch 6.0 and will be removed in version 7.0.
2026-08-12T21:41:05.449+09:00  WARN 27649 --- [game-history-lab] [           main] o.s.b.c.l.AbstractListenerFactoryBean    : org.springframework.batch.infrastructure.item.ItemProcessor is an interface. The implementing class will not be queried for annotation based listener configurations. If using @StepScope on a @Bean method, be sure to return the implementing class so listener annotations can be used.
2026-08-12T21:41:05.449+09:00  INFO 27649 --- [game-history-lab] [           main] o.s.b.c.step.item.ChunkOrientedTasklet   : DEPRECATION NOTE: The legacy implementation of the chunk-oriented processing model is deprecated as of Spring Batch 6.0 and will be removed in version 7.0.
2026-08-12T21:41:05.537+09:00  INFO 27649 --- [game-history-lab] [           main] l.g.GameHistoryLabApplicationKt          : Started GameHistoryLabApplicationKt in 1.506 seconds (process running for 1.828)
2026-08-12T21:41:05.607+09:00  INFO 27649 --- [game-history-lab] [           main] o.s.b.c.l.s.TaskExecutorJobLauncher      : Job: [SimpleJob: [name=incrementalGameHistoryReadModelJob]] launched with the following parameters: [{JobParameter{name='failAfterCount', value=0, type=class java.lang.Long, identifying=false},JobParameter{name='upperUpdatedAt', value=2026-08-12T00:18, type=class java.time.LocalDateTime, identifying=true},JobParameter{name='upperGameId', value=9223372036854775807, type=class java.lang.Long, identifying=true},JobParameter{name='lowerUpdatedAt', value=2026-08-12T00:12, type=class java.time.LocalDateTime, identifying=true},JobParameter{name='runId', value=stage4-c60-r18-20260812T124000Z, type=class java.lang.String, identifying=true},JobParameter{name='lowerGameId', value=0, type=class java.lang.Long, identifying=true}}]
2026-08-12T21:41:05.671+09:00  INFO 27649 --- [game-history-lab] [           main] o.s.batch.core.step.AbstractStep         : Executing step: [processIncrementalChangesStep]
2026-08-12T21:41:05.733+09:00  INFO 27649 --- [game-history-lab] [           main] o.s.batch.core.step.AbstractStep         : Step: [processIncrementalChangesStep] executed in 68ms
2026-08-12T21:41:05.771+09:00  INFO 27649 --- [game-history-lab] [           main] o.s.batch.core.step.AbstractStep         : Executing step: [advanceIncrementalCheckpointStep]
2026-08-12T21:41:05.781+09:00  INFO 27649 --- [game-history-lab] [           main] o.s.batch.core.step.AbstractStep         : Step: [advanceIncrementalCheckpointStep] executed in 14ms
2026-08-12T21:41:05.809+09:00  INFO 27649 --- [game-history-lab] [           main] o.s.b.c.l.s.TaskExecutorJobLauncher      : Job: [SimpleJob: [name=incrementalGameHistoryReadModelJob]] completed with the following parameters: [{JobParameter{name='failAfterCount', value=0, type=class java.lang.Long, identifying=false},JobParameter{name='upperUpdatedAt', value=2026-08-12T00:18, type=class java.time.LocalDateTime, identifying=true},JobParameter{name='upperGameId', value=9223372036854775807, type=class java.lang.Long, identifying=true},JobParameter{name='lowerUpdatedAt', value=2026-08-12T00:12, type=class java.time.LocalDateTime, identifying=true},JobParameter{name='runId', value=stage4-c60-r18-20260812T124000Z, type=class java.lang.String, identifying=true},JobParameter{name='lowerGameId', value=0, type=class java.lang.Long, identifying=true}}] and the following status: [COMPLETED] in 162ms
STAGE4_STEP name=processIncrementalChangesStep status=COMPLETED read=1 write=1 commit=1 rollback=0
STAGE4_STEP name=advanceIncrementalCheckpointStep status=COMPLETED read=0 write=0 commit=1 rollback=0
STAGE4_JOB executionId=212 instanceId=208 status=COMPLETED lowerUpdatedAt=2026-08-12T00:12 lowerGameId=0 upperUpdatedAt=2026-08-12T00:18 durationMs=259
2026-08-12T21:41:05.816+09:00  INFO 27649 --- [game-history-lab] [ionShutdownHook] com.zaxxer.hikari.HikariDataSource       : HikariPool-1 - Shutdown initiated...
2026-08-12T21:41:05.832+09:00  INFO 27649 --- [game-history-lab] [ionShutdownHook] com.zaxxer.hikari.HikariDataSource       : HikariPool-1 - Shutdown completed.
tick_seconds=1140
apply_command=SET @elapsed_seconds=1140; scripts/sql/apply-stage4-workload.sql

  .   ____          _            __ _ _
 /\\ / ___'_ __ _ _(_)_ __  __ _ \ \ \ \
( ( )\___ | '_ | '_| | '_ \/ _` | \ \ \ \
 \\/  ___)| |_)| | | | | || (_| |  ) ) ) )
  '  |____| .__|_| |_|_| |_\__, | / / / /
 =========|_|==============|___/=/_/_/_/

 :: Spring Boot ::                (v4.1.0)

2026-08-12T21:41:07.110+09:00  INFO 27697 --- [game-history-lab] [           main] l.g.GameHistoryLabApplicationKt          : Starting GameHistoryLabApplicationKt v0.0.1-SNAPSHOT using Java 21.0.5 with PID 27697 (/Users/hongseungjun/이직/project/game-history-lab/build/libs/game-history-lab-0.0.1-SNAPSHOT.jar started by hongseungjun in /Users/hongseungjun/이직/project/game-history-lab)
2026-08-12T21:41:07.112+09:00  INFO 27697 --- [game-history-lab] [           main] l.g.GameHistoryLabApplicationKt          : No active profile set, falling back to 1 default profile: "default"
2026-08-12T21:41:07.970+09:00  INFO 27697 --- [game-history-lab] [           main] com.zaxxer.hikari.HikariDataSource       : HikariPool-1 - Starting...
2026-08-12T21:41:08.208+09:00  INFO 27697 --- [game-history-lab] [           main] com.zaxxer.hikari.pool.HikariPool        : HikariPool-1 - Added connection com.mysql.cj.jdbc.ConnectionImpl@c97721b
2026-08-12T21:41:08.209+09:00  INFO 27697 --- [game-history-lab] [           main] com.zaxxer.hikari.HikariDataSource       : HikariPool-1 - Start completed.
2026-08-12T21:41:08.332+09:00  WARN 27697 --- [game-history-lab] [           main] o.s.b.c.l.AbstractListenerFactoryBean    : org.springframework.batch.infrastructure.item.ItemProcessor is an interface. The implementing class will not be queried for annotation based listener configurations. If using @StepScope on a @Bean method, be sure to return the implementing class so listener annotations can be used.
2026-08-12T21:41:08.338+09:00  INFO 27697 --- [game-history-lab] [           main] o.s.b.c.step.item.ChunkOrientedTasklet   : DEPRECATION NOTE: The legacy implementation of the chunk-oriented processing model is deprecated as of Spring Batch 6.0 and will be removed in version 7.0.
2026-08-12T21:41:08.358+09:00  WARN 27697 --- [game-history-lab] [           main] o.s.b.c.l.AbstractListenerFactoryBean    : org.springframework.batch.infrastructure.item.ItemProcessor is an interface. The implementing class will not be queried for annotation based listener configurations. If using @StepScope on a @Bean method, be sure to return the implementing class so listener annotations can be used.
2026-08-12T21:41:08.358+09:00  INFO 27697 --- [game-history-lab] [           main] o.s.b.c.step.item.ChunkOrientedTasklet   : DEPRECATION NOTE: The legacy implementation of the chunk-oriented processing model is deprecated as of Spring Batch 6.0 and will be removed in version 7.0.
2026-08-12T21:41:08.447+09:00  INFO 27697 --- [game-history-lab] [           main] l.g.GameHistoryLabApplicationKt          : Started GameHistoryLabApplicationKt in 1.629 seconds (process running for 1.96)
2026-08-12T21:41:08.512+09:00  INFO 27697 --- [game-history-lab] [           main] o.s.b.c.l.s.TaskExecutorJobLauncher      : Job: [SimpleJob: [name=incrementalGameHistoryReadModelJob]] launched with the following parameters: [{JobParameter{name='failAfterCount', value=0, type=class java.lang.Long, identifying=false},JobParameter{name='upperUpdatedAt', value=2026-08-12T00:19, type=class java.time.LocalDateTime, identifying=true},JobParameter{name='upperGameId', value=9223372036854775807, type=class java.lang.Long, identifying=true},JobParameter{name='lowerUpdatedAt', value=2026-08-12T00:13, type=class java.time.LocalDateTime, identifying=true},JobParameter{name='runId', value=stage4-c60-r19-20260812T124000Z, type=class java.lang.String, identifying=true},JobParameter{name='lowerGameId', value=0, type=class java.lang.Long, identifying=true}}]
2026-08-12T21:41:08.575+09:00  INFO 27697 --- [game-history-lab] [           main] o.s.batch.core.step.AbstractStep         : Executing step: [processIncrementalChangesStep]
2026-08-12T21:41:08.631+09:00  INFO 27697 --- [game-history-lab] [           main] o.s.batch.core.step.AbstractStep         : Step: [processIncrementalChangesStep] executed in 61ms
2026-08-12T21:41:08.670+09:00  INFO 27697 --- [game-history-lab] [           main] o.s.batch.core.step.AbstractStep         : Executing step: [advanceIncrementalCheckpointStep]
2026-08-12T21:41:08.681+09:00  INFO 27697 --- [game-history-lab] [           main] o.s.batch.core.step.AbstractStep         : Step: [advanceIncrementalCheckpointStep] executed in 14ms
2026-08-12T21:41:08.706+09:00  INFO 27697 --- [game-history-lab] [           main] o.s.b.c.l.s.TaskExecutorJobLauncher      : Job: [SimpleJob: [name=incrementalGameHistoryReadModelJob]] completed with the following parameters: [{JobParameter{name='failAfterCount', value=0, type=class java.lang.Long, identifying=false},JobParameter{name='upperUpdatedAt', value=2026-08-12T00:19, type=class java.time.LocalDateTime, identifying=true},JobParameter{name='upperGameId', value=9223372036854775807, type=class java.lang.Long, identifying=true},JobParameter{name='lowerUpdatedAt', value=2026-08-12T00:13, type=class java.time.LocalDateTime, identifying=true},JobParameter{name='runId', value=stage4-c60-r19-20260812T124000Z, type=class java.lang.String, identifying=true},JobParameter{name='lowerGameId', value=0, type=class java.lang.Long, identifying=true}}] and the following status: [COMPLETED] in 154ms
STAGE4_STEP name=processIncrementalChangesStep status=COMPLETED read=0 write=0 commit=1 rollback=0
STAGE4_STEP name=advanceIncrementalCheckpointStep status=COMPLETED read=0 write=0 commit=1 rollback=0
STAGE4_JOB executionId=213 instanceId=209 status=COMPLETED lowerUpdatedAt=2026-08-12T00:13 lowerGameId=0 upperUpdatedAt=2026-08-12T00:19 durationMs=246
2026-08-12T21:41:08.713+09:00  INFO 27697 --- [game-history-lab] [ionShutdownHook] com.zaxxer.hikari.HikariDataSource       : HikariPool-1 - Shutdown initiated...
2026-08-12T21:41:08.755+09:00  INFO 27697 --- [game-history-lab] [ionShutdownHook] com.zaxxer.hikari.HikariDataSource       : HikariPool-1 - Shutdown completed.
tick_seconds=1200
apply_command=SET @elapsed_seconds=1200; scripts/sql/apply-stage4-workload.sql

  .   ____          _            __ _ _
 /\\ / ___'_ __ _ _(_)_ __  __ _ \ \ \ \
( ( )\___ | '_ | '_| | '_ \/ _` | \ \ \ \
 \\/  ___)| |_)| | | | | || (_| |  ) ) ) )
  '  |____| .__|_| |_|_| |_\__, | / / / /
 =========|_|==============|___/=/_/_/_/

 :: Spring Boot ::                (v4.1.0)

2026-08-12T21:41:10.060+09:00  INFO 27858 --- [game-history-lab] [           main] l.g.GameHistoryLabApplicationKt          : Starting GameHistoryLabApplicationKt v0.0.1-SNAPSHOT using Java 21.0.5 with PID 27858 (/Users/hongseungjun/이직/project/game-history-lab/build/libs/game-history-lab-0.0.1-SNAPSHOT.jar started by hongseungjun in /Users/hongseungjun/이직/project/game-history-lab)
2026-08-12T21:41:10.062+09:00  INFO 27858 --- [game-history-lab] [           main] l.g.GameHistoryLabApplicationKt          : No active profile set, falling back to 1 default profile: "default"
2026-08-12T21:41:10.933+09:00  INFO 27858 --- [game-history-lab] [           main] com.zaxxer.hikari.HikariDataSource       : HikariPool-1 - Starting...
2026-08-12T21:41:11.181+09:00  INFO 27858 --- [game-history-lab] [           main] com.zaxxer.hikari.pool.HikariPool        : HikariPool-1 - Added connection com.mysql.cj.jdbc.ConnectionImpl@c97721b
2026-08-12T21:41:11.182+09:00  INFO 27858 --- [game-history-lab] [           main] com.zaxxer.hikari.HikariDataSource       : HikariPool-1 - Start completed.
2026-08-12T21:41:11.357+09:00  WARN 27858 --- [game-history-lab] [           main] o.s.b.c.l.AbstractListenerFactoryBean    : org.springframework.batch.infrastructure.item.ItemProcessor is an interface. The implementing class will not be queried for annotation based listener configurations. If using @StepScope on a @Bean method, be sure to return the implementing class so listener annotations can be used.
2026-08-12T21:41:11.364+09:00  INFO 27858 --- [game-history-lab] [           main] o.s.b.c.step.item.ChunkOrientedTasklet   : DEPRECATION NOTE: The legacy implementation of the chunk-oriented processing model is deprecated as of Spring Batch 6.0 and will be removed in version 7.0.
2026-08-12T21:41:11.392+09:00  WARN 27858 --- [game-history-lab] [           main] o.s.b.c.l.AbstractListenerFactoryBean    : org.springframework.batch.infrastructure.item.ItemProcessor is an interface. The implementing class will not be queried for annotation based listener configurations. If using @StepScope on a @Bean method, be sure to return the implementing class so listener annotations can be used.
2026-08-12T21:41:11.393+09:00  INFO 27858 --- [game-history-lab] [           main] o.s.b.c.step.item.ChunkOrientedTasklet   : DEPRECATION NOTE: The legacy implementation of the chunk-oriented processing model is deprecated as of Spring Batch 6.0 and will be removed in version 7.0.
2026-08-12T21:41:11.516+09:00  INFO 27858 --- [game-history-lab] [           main] l.g.GameHistoryLabApplicationKt          : Started GameHistoryLabApplicationKt in 1.752 seconds (process running for 2.077)
2026-08-12T21:41:11.620+09:00  INFO 27858 --- [game-history-lab] [           main] o.s.b.c.l.s.TaskExecutorJobLauncher      : Job: [SimpleJob: [name=incrementalGameHistoryReadModelJob]] launched with the following parameters: [{JobParameter{name='failAfterCount', value=0, type=class java.lang.Long, identifying=false},JobParameter{name='upperUpdatedAt', value=2026-08-12T00:20, type=class java.time.LocalDateTime, identifying=true},JobParameter{name='upperGameId', value=9223372036854775807, type=class java.lang.Long, identifying=true},JobParameter{name='lowerUpdatedAt', value=2026-08-12T00:14, type=class java.time.LocalDateTime, identifying=true},JobParameter{name='runId', value=stage4-c60-r20-20260812T124000Z, type=class java.lang.String, identifying=true},JobParameter{name='lowerGameId', value=0, type=class java.lang.Long, identifying=true}}]
2026-08-12T21:41:11.702+09:00  INFO 27858 --- [game-history-lab] [           main] o.s.batch.core.step.AbstractStep         : Executing step: [processIncrementalChangesStep]
2026-08-12T21:41:11.771+09:00  INFO 27858 --- [game-history-lab] [           main] o.s.batch.core.step.AbstractStep         : Step: [processIncrementalChangesStep] executed in 73ms
2026-08-12T21:41:11.808+09:00  INFO 27858 --- [game-history-lab] [           main] o.s.batch.core.step.AbstractStep         : Executing step: [advanceIncrementalCheckpointStep]
2026-08-12T21:41:11.820+09:00  INFO 27858 --- [game-history-lab] [           main] o.s.batch.core.step.AbstractStep         : Step: [advanceIncrementalCheckpointStep] executed in 16ms
2026-08-12T21:41:11.844+09:00  INFO 27858 --- [game-history-lab] [           main] o.s.b.c.l.s.TaskExecutorJobLauncher      : Job: [SimpleJob: [name=incrementalGameHistoryReadModelJob]] completed with the following parameters: [{JobParameter{name='failAfterCount', value=0, type=class java.lang.Long, identifying=false},JobParameter{name='upperUpdatedAt', value=2026-08-12T00:20, type=class java.time.LocalDateTime, identifying=true},JobParameter{name='upperGameId', value=9223372036854775807, type=class java.lang.Long, identifying=true},JobParameter{name='lowerUpdatedAt', value=2026-08-12T00:14, type=class java.time.LocalDateTime, identifying=true},JobParameter{name='runId', value=stage4-c60-r20-20260812T124000Z, type=class java.lang.String, identifying=true},JobParameter{name='lowerGameId', value=0, type=class java.lang.Long, identifying=true}}] and the following status: [COMPLETED] in 169ms
STAGE4_STEP name=processIncrementalChangesStep status=COMPLETED read=0 write=0 commit=1 rollback=0
STAGE4_STEP name=advanceIncrementalCheckpointStep status=COMPLETED read=0 write=0 commit=1 rollback=0
STAGE4_JOB executionId=214 instanceId=210 status=COMPLETED lowerUpdatedAt=2026-08-12T00:14 lowerGameId=0 upperUpdatedAt=2026-08-12T00:20 durationMs=311
2026-08-12T21:41:11.850+09:00  INFO 27858 --- [game-history-lab] [ionShutdownHook] com.zaxxer.hikari.HikariDataSource       : HikariPool-1 - Shutdown initiated...
2026-08-12T21:41:11.854+09:00  INFO 27858 --- [game-history-lab] [ionShutdownHook] com.zaxxer.hikari.HikariDataSource       : HikariPool-1 - Shutdown completed.
tick_seconds=1260
apply_command=SET @elapsed_seconds=1260; scripts/sql/apply-stage4-workload.sql

  .   ____          _            __ _ _
 /\\ / ___'_ __ _ _(_)_ __  __ _ \ \ \ \
( ( )\___ | '_ | '_| | '_ \/ _` | \ \ \ \
 \\/  ___)| |_)| | | | | || (_| |  ) ) ) )
  '  |____| .__|_| |_|_| |_\__, | / / / /
 =========|_|==============|___/=/_/_/_/

 :: Spring Boot ::                (v4.1.0)

2026-08-12T21:41:13.169+09:00  INFO 27911 --- [game-history-lab] [           main] l.g.GameHistoryLabApplicationKt          : Starting GameHistoryLabApplicationKt v0.0.1-SNAPSHOT using Java 21.0.5 with PID 27911 (/Users/hongseungjun/이직/project/game-history-lab/build/libs/game-history-lab-0.0.1-SNAPSHOT.jar started by hongseungjun in /Users/hongseungjun/이직/project/game-history-lab)
2026-08-12T21:41:13.171+09:00  INFO 27911 --- [game-history-lab] [           main] l.g.GameHistoryLabApplicationKt          : No active profile set, falling back to 1 default profile: "default"
2026-08-12T21:41:13.996+09:00  INFO 27911 --- [game-history-lab] [           main] com.zaxxer.hikari.HikariDataSource       : HikariPool-1 - Starting...
2026-08-12T21:41:14.277+09:00  INFO 27911 --- [game-history-lab] [           main] com.zaxxer.hikari.pool.HikariPool        : HikariPool-1 - Added connection com.mysql.cj.jdbc.ConnectionImpl@c97721b
2026-08-12T21:41:14.278+09:00  INFO 27911 --- [game-history-lab] [           main] com.zaxxer.hikari.HikariDataSource       : HikariPool-1 - Start completed.
2026-08-12T21:41:14.418+09:00  WARN 27911 --- [game-history-lab] [           main] o.s.b.c.l.AbstractListenerFactoryBean    : org.springframework.batch.infrastructure.item.ItemProcessor is an interface. The implementing class will not be queried for annotation based listener configurations. If using @StepScope on a @Bean method, be sure to return the implementing class so listener annotations can be used.
2026-08-12T21:41:14.424+09:00  INFO 27911 --- [game-history-lab] [           main] o.s.b.c.step.item.ChunkOrientedTasklet   : DEPRECATION NOTE: The legacy implementation of the chunk-oriented processing model is deprecated as of Spring Batch 6.0 and will be removed in version 7.0.
2026-08-12T21:41:14.438+09:00  WARN 27911 --- [game-history-lab] [           main] o.s.b.c.l.AbstractListenerFactoryBean    : org.springframework.batch.infrastructure.item.ItemProcessor is an interface. The implementing class will not be queried for annotation based listener configurations. If using @StepScope on a @Bean method, be sure to return the implementing class so listener annotations can be used.
2026-08-12T21:41:14.438+09:00  INFO 27911 --- [game-history-lab] [           main] o.s.b.c.step.item.ChunkOrientedTasklet   : DEPRECATION NOTE: The legacy implementation of the chunk-oriented processing model is deprecated as of Spring Batch 6.0 and will be removed in version 7.0.
2026-08-12T21:41:14.560+09:00  INFO 27911 --- [game-history-lab] [           main] l.g.GameHistoryLabApplicationKt          : Started GameHistoryLabApplicationKt in 1.708 seconds (process running for 2.024)
2026-08-12T21:41:14.675+09:00  INFO 27911 --- [game-history-lab] [           main] o.s.b.c.l.s.TaskExecutorJobLauncher      : Job: [SimpleJob: [name=incrementalGameHistoryReadModelJob]] launched with the following parameters: [{JobParameter{name='failAfterCount', value=0, type=class java.lang.Long, identifying=false},JobParameter{name='upperUpdatedAt', value=2026-08-12T00:21, type=class java.time.LocalDateTime, identifying=true},JobParameter{name='upperGameId', value=9223372036854775807, type=class java.lang.Long, identifying=true},JobParameter{name='lowerUpdatedAt', value=2026-08-12T00:15, type=class java.time.LocalDateTime, identifying=true},JobParameter{name='runId', value=stage4-c60-r21-20260812T124000Z, type=class java.lang.String, identifying=true},JobParameter{name='lowerGameId', value=0, type=class java.lang.Long, identifying=true}}]
2026-08-12T21:41:14.793+09:00  INFO 27911 --- [game-history-lab] [           main] o.s.batch.core.step.AbstractStep         : Executing step: [processIncrementalChangesStep]
2026-08-12T21:41:14.866+09:00  INFO 27911 --- [game-history-lab] [           main] o.s.batch.core.step.AbstractStep         : Step: [processIncrementalChangesStep] executed in 77ms
2026-08-12T21:41:14.947+09:00  INFO 27911 --- [game-history-lab] [           main] o.s.batch.core.step.AbstractStep         : Executing step: [advanceIncrementalCheckpointStep]
2026-08-12T21:41:14.964+09:00  INFO 27911 --- [game-history-lab] [           main] o.s.batch.core.step.AbstractStep         : Step: [advanceIncrementalCheckpointStep] executed in 23ms
2026-08-12T21:41:15.004+09:00  INFO 27911 --- [game-history-lab] [           main] o.s.b.c.l.s.TaskExecutorJobLauncher      : Job: [SimpleJob: [name=incrementalGameHistoryReadModelJob]] completed with the following parameters: [{JobParameter{name='failAfterCount', value=0, type=class java.lang.Long, identifying=false},JobParameter{name='upperUpdatedAt', value=2026-08-12T00:21, type=class java.time.LocalDateTime, identifying=true},JobParameter{name='upperGameId', value=9223372036854775807, type=class java.lang.Long, identifying=true},JobParameter{name='lowerUpdatedAt', value=2026-08-12T00:15, type=class java.time.LocalDateTime, identifying=true},JobParameter{name='runId', value=stage4-c60-r21-20260812T124000Z, type=class java.lang.String, identifying=true},JobParameter{name='lowerGameId', value=0, type=class java.lang.Long, identifying=true}}] and the following status: [COMPLETED] in 248ms
STAGE4_STEP name=processIncrementalChangesStep status=COMPLETED read=0 write=0 commit=1 rollback=0
STAGE4_STEP name=advanceIncrementalCheckpointStep status=COMPLETED read=0 write=0 commit=1 rollback=0
STAGE4_JOB executionId=215 instanceId=211 status=COMPLETED lowerUpdatedAt=2026-08-12T00:15 lowerGameId=0 upperUpdatedAt=2026-08-12T00:21 durationMs=426
2026-08-12T21:41:15.013+09:00  INFO 27911 --- [game-history-lab] [ionShutdownHook] com.zaxxer.hikari.HikariDataSource       : HikariPool-1 - Shutdown initiated...
2026-08-12T21:41:15.017+09:00  INFO 27911 --- [game-history-lab] [ionShutdownHook] com.zaxxer.hikari.HikariDataSource       : HikariPool-1 - Shutdown completed.
tick_seconds=1320
apply_command=SET @elapsed_seconds=1320; scripts/sql/apply-stage4-workload.sql

  .   ____          _            __ _ _
 /\\ / ___'_ __ _ _(_)_ __  __ _ \ \ \ \
( ( )\___ | '_ | '_| | '_ \/ _` | \ \ \ \
 \\/  ___)| |_)| | | | | || (_| |  ) ) ) )
  '  |____| .__|_| |_|_| |_\__, | / / / /
 =========|_|==============|___/=/_/_/_/

 :: Spring Boot ::                (v4.1.0)

2026-08-12T21:41:16.311+09:00  INFO 27962 --- [game-history-lab] [           main] l.g.GameHistoryLabApplicationKt          : Starting GameHistoryLabApplicationKt v0.0.1-SNAPSHOT using Java 21.0.5 with PID 27962 (/Users/hongseungjun/이직/project/game-history-lab/build/libs/game-history-lab-0.0.1-SNAPSHOT.jar started by hongseungjun in /Users/hongseungjun/이직/project/game-history-lab)
2026-08-12T21:41:16.314+09:00  INFO 27962 --- [game-history-lab] [           main] l.g.GameHistoryLabApplicationKt          : No active profile set, falling back to 1 default profile: "default"
2026-08-12T21:41:17.055+09:00  INFO 27962 --- [game-history-lab] [           main] com.zaxxer.hikari.HikariDataSource       : HikariPool-1 - Starting...
2026-08-12T21:41:17.287+09:00  INFO 27962 --- [game-history-lab] [           main] com.zaxxer.hikari.pool.HikariPool        : HikariPool-1 - Added connection com.mysql.cj.jdbc.ConnectionImpl@2b79c8ff
2026-08-12T21:41:17.288+09:00  INFO 27962 --- [game-history-lab] [           main] com.zaxxer.hikari.HikariDataSource       : HikariPool-1 - Start completed.
2026-08-12T21:41:17.404+09:00  WARN 27962 --- [game-history-lab] [           main] o.s.b.c.l.AbstractListenerFactoryBean    : org.springframework.batch.infrastructure.item.ItemProcessor is an interface. The implementing class will not be queried for annotation based listener configurations. If using @StepScope on a @Bean method, be sure to return the implementing class so listener annotations can be used.
2026-08-12T21:41:17.409+09:00  INFO 27962 --- [game-history-lab] [           main] o.s.b.c.step.item.ChunkOrientedTasklet   : DEPRECATION NOTE: The legacy implementation of the chunk-oriented processing model is deprecated as of Spring Batch 6.0 and will be removed in version 7.0.
2026-08-12T21:41:17.429+09:00  WARN 27962 --- [game-history-lab] [           main] o.s.b.c.l.AbstractListenerFactoryBean    : org.springframework.batch.infrastructure.item.ItemProcessor is an interface. The implementing class will not be queried for annotation based listener configurations. If using @StepScope on a @Bean method, be sure to return the implementing class so listener annotations can be used.
2026-08-12T21:41:17.430+09:00  INFO 27962 --- [game-history-lab] [           main] o.s.b.c.step.item.ChunkOrientedTasklet   : DEPRECATION NOTE: The legacy implementation of the chunk-oriented processing model is deprecated as of Spring Batch 6.0 and will be removed in version 7.0.
2026-08-12T21:41:17.523+09:00  INFO 27962 --- [game-history-lab] [           main] l.g.GameHistoryLabApplicationKt          : Started GameHistoryLabApplicationKt in 1.497 seconds (process running for 1.824)
2026-08-12T21:41:17.587+09:00  INFO 27962 --- [game-history-lab] [           main] o.s.b.c.l.s.TaskExecutorJobLauncher      : Job: [SimpleJob: [name=incrementalGameHistoryReadModelJob]] launched with the following parameters: [{JobParameter{name='failAfterCount', value=0, type=class java.lang.Long, identifying=false},JobParameter{name='upperUpdatedAt', value=2026-08-12T00:22, type=class java.time.LocalDateTime, identifying=true},JobParameter{name='upperGameId', value=9223372036854775807, type=class java.lang.Long, identifying=true},JobParameter{name='lowerUpdatedAt', value=2026-08-12T00:16, type=class java.time.LocalDateTime, identifying=true},JobParameter{name='runId', value=stage4-c60-r22-20260812T124000Z, type=class java.lang.String, identifying=true},JobParameter{name='lowerGameId', value=0, type=class java.lang.Long, identifying=true}}]
2026-08-12T21:41:17.654+09:00  INFO 27962 --- [game-history-lab] [           main] o.s.batch.core.step.AbstractStep         : Executing step: [processIncrementalChangesStep]
2026-08-12T21:41:17.715+09:00  INFO 27962 --- [game-history-lab] [           main] o.s.batch.core.step.AbstractStep         : Step: [processIncrementalChangesStep] executed in 67ms
2026-08-12T21:41:17.753+09:00  INFO 27962 --- [game-history-lab] [           main] o.s.batch.core.step.AbstractStep         : Executing step: [advanceIncrementalCheckpointStep]
2026-08-12T21:41:17.764+09:00  INFO 27962 --- [game-history-lab] [           main] o.s.batch.core.step.AbstractStep         : Step: [advanceIncrementalCheckpointStep] executed in 17ms
2026-08-12T21:41:17.790+09:00  INFO 27962 --- [game-history-lab] [           main] o.s.b.c.l.s.TaskExecutorJobLauncher      : Job: [SimpleJob: [name=incrementalGameHistoryReadModelJob]] completed with the following parameters: [{JobParameter{name='failAfterCount', value=0, type=class java.lang.Long, identifying=false},JobParameter{name='upperUpdatedAt', value=2026-08-12T00:22, type=class java.time.LocalDateTime, identifying=true},JobParameter{name='upperGameId', value=9223372036854775807, type=class java.lang.Long, identifying=true},JobParameter{name='lowerUpdatedAt', value=2026-08-12T00:16, type=class java.time.LocalDateTime, identifying=true},JobParameter{name='runId', value=stage4-c60-r22-20260812T124000Z, type=class java.lang.String, identifying=true},JobParameter{name='lowerGameId', value=0, type=class java.lang.Long, identifying=true}}] and the following status: [COMPLETED] in 160ms
STAGE4_STEP name=processIncrementalChangesStep status=COMPLETED read=3 write=3 commit=1 rollback=0
STAGE4_STEP name=advanceIncrementalCheckpointStep status=COMPLETED read=0 write=0 commit=1 rollback=0
STAGE4_JOB executionId=216 instanceId=212 status=COMPLETED lowerUpdatedAt=2026-08-12T00:16 lowerGameId=0 upperUpdatedAt=2026-08-12T00:22 durationMs=254
2026-08-12T21:41:17.797+09:00  INFO 27962 --- [game-history-lab] [ionShutdownHook] com.zaxxer.hikari.HikariDataSource       : HikariPool-1 - Shutdown initiated...
2026-08-12T21:41:17.837+09:00  INFO 27962 --- [game-history-lab] [ionShutdownHook] com.zaxxer.hikari.HikariDataSource       : HikariPool-1 - Shutdown completed.
tick_seconds=1380
apply_command=SET @elapsed_seconds=1380; scripts/sql/apply-stage4-workload.sql

  .   ____          _            __ _ _
 /\\ / ___'_ __ _ _(_)_ __  __ _ \ \ \ \
( ( )\___ | '_ | '_| | '_ \/ _` | \ \ \ \
 \\/  ___)| |_)| | | | | || (_| |  ) ) ) )
  '  |____| .__|_| |_|_| |_\__, | / / / /
 =========|_|==============|___/=/_/_/_/

 :: Spring Boot ::                (v4.1.0)

2026-08-12T21:41:19.197+09:00  INFO 28112 --- [game-history-lab] [           main] l.g.GameHistoryLabApplicationKt          : Starting GameHistoryLabApplicationKt v0.0.1-SNAPSHOT using Java 21.0.5 with PID 28112 (/Users/hongseungjun/이직/project/game-history-lab/build/libs/game-history-lab-0.0.1-SNAPSHOT.jar started by hongseungjun in /Users/hongseungjun/이직/project/game-history-lab)
2026-08-12T21:41:19.201+09:00  INFO 28112 --- [game-history-lab] [           main] l.g.GameHistoryLabApplicationKt          : No active profile set, falling back to 1 default profile: "default"
2026-08-12T21:41:20.078+09:00  INFO 28112 --- [game-history-lab] [           main] com.zaxxer.hikari.HikariDataSource       : HikariPool-1 - Starting...
2026-08-12T21:41:20.319+09:00  INFO 28112 --- [game-history-lab] [           main] com.zaxxer.hikari.pool.HikariPool        : HikariPool-1 - Added connection com.mysql.cj.jdbc.ConnectionImpl@c97721b
2026-08-12T21:41:20.320+09:00  INFO 28112 --- [game-history-lab] [           main] com.zaxxer.hikari.HikariDataSource       : HikariPool-1 - Start completed.
2026-08-12T21:41:20.456+09:00  WARN 28112 --- [game-history-lab] [           main] o.s.b.c.l.AbstractListenerFactoryBean    : org.springframework.batch.infrastructure.item.ItemProcessor is an interface. The implementing class will not be queried for annotation based listener configurations. If using @StepScope on a @Bean method, be sure to return the implementing class so listener annotations can be used.
2026-08-12T21:41:20.462+09:00  INFO 28112 --- [game-history-lab] [           main] o.s.b.c.step.item.ChunkOrientedTasklet   : DEPRECATION NOTE: The legacy implementation of the chunk-oriented processing model is deprecated as of Spring Batch 6.0 and will be removed in version 7.0.
2026-08-12T21:41:20.487+09:00  WARN 28112 --- [game-history-lab] [           main] o.s.b.c.l.AbstractListenerFactoryBean    : org.springframework.batch.infrastructure.item.ItemProcessor is an interface. The implementing class will not be queried for annotation based listener configurations. If using @StepScope on a @Bean method, be sure to return the implementing class so listener annotations can be used.
2026-08-12T21:41:20.487+09:00  INFO 28112 --- [game-history-lab] [           main] o.s.b.c.step.item.ChunkOrientedTasklet   : DEPRECATION NOTE: The legacy implementation of the chunk-oriented processing model is deprecated as of Spring Batch 6.0 and will be removed in version 7.0.
2026-08-12T21:41:20.604+09:00  INFO 28112 --- [game-history-lab] [           main] l.g.GameHistoryLabApplicationKt          : Started GameHistoryLabApplicationKt in 1.731 seconds (process running for 2.076)
2026-08-12T21:41:20.714+09:00  INFO 28112 --- [game-history-lab] [           main] o.s.b.c.l.s.TaskExecutorJobLauncher      : Job: [SimpleJob: [name=incrementalGameHistoryReadModelJob]] launched with the following parameters: [{JobParameter{name='failAfterCount', value=0, type=class java.lang.Long, identifying=false},JobParameter{name='upperUpdatedAt', value=2026-08-12T00:23, type=class java.time.LocalDateTime, identifying=true},JobParameter{name='upperGameId', value=9223372036854775807, type=class java.lang.Long, identifying=true},JobParameter{name='lowerUpdatedAt', value=2026-08-12T00:17, type=class java.time.LocalDateTime, identifying=true},JobParameter{name='runId', value=stage4-c60-r23-20260812T124000Z, type=class java.lang.String, identifying=true},JobParameter{name='lowerGameId', value=0, type=class java.lang.Long, identifying=true}}]
2026-08-12T21:41:20.792+09:00  INFO 28112 --- [game-history-lab] [           main] o.s.batch.core.step.AbstractStep         : Executing step: [processIncrementalChangesStep]
2026-08-12T21:41:20.875+09:00  INFO 28112 --- [game-history-lab] [           main] o.s.batch.core.step.AbstractStep         : Step: [processIncrementalChangesStep] executed in 89ms
2026-08-12T21:41:20.956+09:00  INFO 28112 --- [game-history-lab] [           main] o.s.batch.core.step.AbstractStep         : Executing step: [advanceIncrementalCheckpointStep]
2026-08-12T21:41:20.974+09:00  INFO 28112 --- [game-history-lab] [           main] o.s.batch.core.step.AbstractStep         : Step: [advanceIncrementalCheckpointStep] executed in 25ms
2026-08-12T21:41:21.008+09:00  INFO 28112 --- [game-history-lab] [           main] o.s.b.c.l.s.TaskExecutorJobLauncher      : Job: [SimpleJob: [name=incrementalGameHistoryReadModelJob]] completed with the following parameters: [{JobParameter{name='failAfterCount', value=0, type=class java.lang.Long, identifying=false},JobParameter{name='upperUpdatedAt', value=2026-08-12T00:23, type=class java.time.LocalDateTime, identifying=true},JobParameter{name='upperGameId', value=9223372036854775807, type=class java.lang.Long, identifying=true},JobParameter{name='lowerUpdatedAt', value=2026-08-12T00:17, type=class java.time.LocalDateTime, identifying=true},JobParameter{name='runId', value=stage4-c60-r23-20260812T124000Z, type=class java.lang.String, identifying=true},JobParameter{name='lowerGameId', value=0, type=class java.lang.Long, identifying=true}}] and the following status: [COMPLETED] in 238ms
STAGE4_STEP name=processIncrementalChangesStep status=COMPLETED read=3 write=3 commit=1 rollback=0
STAGE4_STEP name=advanceIncrementalCheckpointStep status=COMPLETED read=0 write=0 commit=1 rollback=0
STAGE4_JOB executionId=217 instanceId=213 status=COMPLETED lowerUpdatedAt=2026-08-12T00:17 lowerGameId=0 upperUpdatedAt=2026-08-12T00:23 durationMs=383
2026-08-12T21:41:21.016+09:00  INFO 28112 --- [game-history-lab] [ionShutdownHook] com.zaxxer.hikari.HikariDataSource       : HikariPool-1 - Shutdown initiated...
2026-08-12T21:41:21.020+09:00  INFO 28112 --- [game-history-lab] [ionShutdownHook] com.zaxxer.hikari.HikariDataSource       : HikariPool-1 - Shutdown completed.
tick_seconds=1440
apply_command=SET @elapsed_seconds=1440; scripts/sql/apply-stage4-workload.sql

  .   ____          _            __ _ _
 /\\ / ___'_ __ _ _(_)_ __  __ _ \ \ \ \
( ( )\___ | '_ | '_| | '_ \/ _` | \ \ \ \
 \\/  ___)| |_)| | | | | || (_| |  ) ) ) )
  '  |____| .__|_| |_|_| |_\__, | / / / /
 =========|_|==============|___/=/_/_/_/

 :: Spring Boot ::                (v4.1.0)

2026-08-12T21:41:22.323+09:00  INFO 28165 --- [game-history-lab] [           main] l.g.GameHistoryLabApplicationKt          : Starting GameHistoryLabApplicationKt v0.0.1-SNAPSHOT using Java 21.0.5 with PID 28165 (/Users/hongseungjun/이직/project/game-history-lab/build/libs/game-history-lab-0.0.1-SNAPSHOT.jar started by hongseungjun in /Users/hongseungjun/이직/project/game-history-lab)
2026-08-12T21:41:22.325+09:00  INFO 28165 --- [game-history-lab] [           main] l.g.GameHistoryLabApplicationKt          : No active profile set, falling back to 1 default profile: "default"
2026-08-12T21:41:23.155+09:00  INFO 28165 --- [game-history-lab] [           main] com.zaxxer.hikari.HikariDataSource       : HikariPool-1 - Starting...
2026-08-12T21:41:23.413+09:00  INFO 28165 --- [game-history-lab] [           main] com.zaxxer.hikari.pool.HikariPool        : HikariPool-1 - Added connection com.mysql.cj.jdbc.ConnectionImpl@c97721b
2026-08-12T21:41:23.414+09:00  INFO 28165 --- [game-history-lab] [           main] com.zaxxer.hikari.HikariDataSource       : HikariPool-1 - Start completed.
2026-08-12T21:41:23.554+09:00  WARN 28165 --- [game-history-lab] [           main] o.s.b.c.l.AbstractListenerFactoryBean    : org.springframework.batch.infrastructure.item.ItemProcessor is an interface. The implementing class will not be queried for annotation based listener configurations. If using @StepScope on a @Bean method, be sure to return the implementing class so listener annotations can be used.
2026-08-12T21:41:23.559+09:00  INFO 28165 --- [game-history-lab] [           main] o.s.b.c.step.item.ChunkOrientedTasklet   : DEPRECATION NOTE: The legacy implementation of the chunk-oriented processing model is deprecated as of Spring Batch 6.0 and will be removed in version 7.0.
2026-08-12T21:41:23.581+09:00  WARN 28165 --- [game-history-lab] [           main] o.s.b.c.l.AbstractListenerFactoryBean    : org.springframework.batch.infrastructure.item.ItemProcessor is an interface. The implementing class will not be queried for annotation based listener configurations. If using @StepScope on a @Bean method, be sure to return the implementing class so listener annotations can be used.
2026-08-12T21:41:23.581+09:00  INFO 28165 --- [game-history-lab] [           main] o.s.b.c.step.item.ChunkOrientedTasklet   : DEPRECATION NOTE: The legacy implementation of the chunk-oriented processing model is deprecated as of Spring Batch 6.0 and will be removed in version 7.0.
2026-08-12T21:41:23.686+09:00  INFO 28165 --- [game-history-lab] [           main] l.g.GameHistoryLabApplicationKt          : Started GameHistoryLabApplicationKt in 1.663 seconds (process running for 1.964)
2026-08-12T21:41:23.770+09:00  INFO 28165 --- [game-history-lab] [           main] o.s.b.c.l.s.TaskExecutorJobLauncher      : Job: [SimpleJob: [name=incrementalGameHistoryReadModelJob]] launched with the following parameters: [{JobParameter{name='failAfterCount', value=0, type=class java.lang.Long, identifying=false},JobParameter{name='upperUpdatedAt', value=2026-08-12T00:24, type=class java.time.LocalDateTime, identifying=true},JobParameter{name='upperGameId', value=9223372036854775807, type=class java.lang.Long, identifying=true},JobParameter{name='lowerUpdatedAt', value=2026-08-12T00:18, type=class java.time.LocalDateTime, identifying=true},JobParameter{name='runId', value=stage4-c60-r24-20260812T124000Z, type=class java.lang.String, identifying=true},JobParameter{name='lowerGameId', value=0, type=class java.lang.Long, identifying=true}}]
2026-08-12T21:41:23.848+09:00  INFO 28165 --- [game-history-lab] [           main] o.s.batch.core.step.AbstractStep         : Executing step: [processIncrementalChangesStep]
2026-08-12T21:41:23.916+09:00  INFO 28165 --- [game-history-lab] [           main] o.s.batch.core.step.AbstractStep         : Step: [processIncrementalChangesStep] executed in 74ms
2026-08-12T21:41:23.976+09:00  INFO 28165 --- [game-history-lab] [           main] o.s.batch.core.step.AbstractStep         : Executing step: [advanceIncrementalCheckpointStep]
2026-08-12T21:41:23.995+09:00  INFO 28165 --- [game-history-lab] [           main] o.s.batch.core.step.AbstractStep         : Step: [advanceIncrementalCheckpointStep] executed in 24ms
2026-08-12T21:41:24.031+09:00  INFO 28165 --- [game-history-lab] [           main] o.s.b.c.l.s.TaskExecutorJobLauncher      : Job: [SimpleJob: [name=incrementalGameHistoryReadModelJob]] completed with the following parameters: [{JobParameter{name='failAfterCount', value=0, type=class java.lang.Long, identifying=false},JobParameter{name='upperUpdatedAt', value=2026-08-12T00:24, type=class java.time.LocalDateTime, identifying=true},JobParameter{name='upperGameId', value=9223372036854775807, type=class java.lang.Long, identifying=true},JobParameter{name='lowerUpdatedAt', value=2026-08-12T00:18, type=class java.time.LocalDateTime, identifying=true},JobParameter{name='runId', value=stage4-c60-r24-20260812T124000Z, type=class java.lang.String, identifying=true},JobParameter{name='lowerGameId', value=0, type=class java.lang.Long, identifying=true}}] and the following status: [COMPLETED] in 216ms
STAGE4_STEP name=processIncrementalChangesStep status=COMPLETED read=3 write=3 commit=1 rollback=0
STAGE4_STEP name=advanceIncrementalCheckpointStep status=COMPLETED read=0 write=0 commit=1 rollback=0
STAGE4_JOB executionId=218 instanceId=214 status=COMPLETED lowerUpdatedAt=2026-08-12T00:18 lowerGameId=0 upperUpdatedAt=2026-08-12T00:24 durationMs=331
2026-08-12T21:41:24.038+09:00  INFO 28165 --- [game-history-lab] [ionShutdownHook] com.zaxxer.hikari.HikariDataSource       : HikariPool-1 - Shutdown initiated...
2026-08-12T21:41:24.043+09:00  INFO 28165 --- [game-history-lab] [ionShutdownHook] com.zaxxer.hikari.HikariDataSource       : HikariPool-1 - Shutdown completed.
tick_seconds=1500
apply_command=SET @elapsed_seconds=1500; scripts/sql/apply-stage4-workload.sql

  .   ____          _            __ _ _
 /\\ / ___'_ __ _ _(_)_ __  __ _ \ \ \ \
( ( )\___ | '_ | '_| | '_ \/ _` | \ \ \ \
 \\/  ___)| |_)| | | | | || (_| |  ) ) ) )
  '  |____| .__|_| |_|_| |_\__, | / / / /
 =========|_|==============|___/=/_/_/_/

 :: Spring Boot ::                (v4.1.0)

2026-08-12T21:41:25.339+09:00  INFO 28218 --- [game-history-lab] [           main] l.g.GameHistoryLabApplicationKt          : Starting GameHistoryLabApplicationKt v0.0.1-SNAPSHOT using Java 21.0.5 with PID 28218 (/Users/hongseungjun/이직/project/game-history-lab/build/libs/game-history-lab-0.0.1-SNAPSHOT.jar started by hongseungjun in /Users/hongseungjun/이직/project/game-history-lab)
2026-08-12T21:41:25.343+09:00  INFO 28218 --- [game-history-lab] [           main] l.g.GameHistoryLabApplicationKt          : No active profile set, falling back to 1 default profile: "default"
2026-08-12T21:41:26.209+09:00  INFO 28218 --- [game-history-lab] [           main] com.zaxxer.hikari.HikariDataSource       : HikariPool-1 - Starting...
2026-08-12T21:41:26.467+09:00  INFO 28218 --- [game-history-lab] [           main] com.zaxxer.hikari.pool.HikariPool        : HikariPool-1 - Added connection com.mysql.cj.jdbc.ConnectionImpl@2b79c8ff
2026-08-12T21:41:26.468+09:00  INFO 28218 --- [game-history-lab] [           main] com.zaxxer.hikari.HikariDataSource       : HikariPool-1 - Start completed.
2026-08-12T21:41:26.625+09:00  WARN 28218 --- [game-history-lab] [           main] o.s.b.c.l.AbstractListenerFactoryBean    : org.springframework.batch.infrastructure.item.ItemProcessor is an interface. The implementing class will not be queried for annotation based listener configurations. If using @StepScope on a @Bean method, be sure to return the implementing class so listener annotations can be used.
2026-08-12T21:41:26.631+09:00  INFO 28218 --- [game-history-lab] [           main] o.s.b.c.step.item.ChunkOrientedTasklet   : DEPRECATION NOTE: The legacy implementation of the chunk-oriented processing model is deprecated as of Spring Batch 6.0 and will be removed in version 7.0.
2026-08-12T21:41:26.657+09:00  WARN 28218 --- [game-history-lab] [           main] o.s.b.c.l.AbstractListenerFactoryBean    : org.springframework.batch.infrastructure.item.ItemProcessor is an interface. The implementing class will not be queried for annotation based listener configurations. If using @StepScope on a @Bean method, be sure to return the implementing class so listener annotations can be used.
2026-08-12T21:41:26.657+09:00  INFO 28218 --- [game-history-lab] [           main] o.s.b.c.step.item.ChunkOrientedTasklet   : DEPRECATION NOTE: The legacy implementation of the chunk-oriented processing model is deprecated as of Spring Batch 6.0 and will be removed in version 7.0.
2026-08-12T21:41:26.770+09:00  INFO 28218 --- [game-history-lab] [           main] l.g.GameHistoryLabApplicationKt          : Started GameHistoryLabApplicationKt in 1.775 seconds (process running for 2.095)
2026-08-12T21:41:26.862+09:00  INFO 28218 --- [game-history-lab] [           main] o.s.b.c.l.s.TaskExecutorJobLauncher      : Job: [SimpleJob: [name=incrementalGameHistoryReadModelJob]] launched with the following parameters: [{JobParameter{name='failAfterCount', value=0, type=class java.lang.Long, identifying=false},JobParameter{name='upperUpdatedAt', value=2026-08-12T00:25, type=class java.time.LocalDateTime, identifying=true},JobParameter{name='upperGameId', value=9223372036854775807, type=class java.lang.Long, identifying=true},JobParameter{name='lowerUpdatedAt', value=2026-08-12T00:19, type=class java.time.LocalDateTime, identifying=true},JobParameter{name='runId', value=stage4-c60-r25-20260812T124000Z, type=class java.lang.String, identifying=true},JobParameter{name='lowerGameId', value=0, type=class java.lang.Long, identifying=true}}]
2026-08-12T21:41:26.941+09:00  INFO 28218 --- [game-history-lab] [           main] o.s.batch.core.step.AbstractStep         : Executing step: [processIncrementalChangesStep]
2026-08-12T21:41:27.008+09:00  INFO 28218 --- [game-history-lab] [           main] o.s.batch.core.step.AbstractStep         : Step: [processIncrementalChangesStep] executed in 75ms
2026-08-12T21:41:27.058+09:00  INFO 28218 --- [game-history-lab] [           main] o.s.batch.core.step.AbstractStep         : Executing step: [advanceIncrementalCheckpointStep]
2026-08-12T21:41:27.073+09:00  INFO 28218 --- [game-history-lab] [           main] o.s.batch.core.step.AbstractStep         : Step: [advanceIncrementalCheckpointStep] executed in 19ms
2026-08-12T21:41:27.100+09:00  INFO 28218 --- [game-history-lab] [           main] o.s.b.c.l.s.TaskExecutorJobLauncher      : Job: [SimpleJob: [name=incrementalGameHistoryReadModelJob]] completed with the following parameters: [{JobParameter{name='failAfterCount', value=0, type=class java.lang.Long, identifying=false},JobParameter{name='upperUpdatedAt', value=2026-08-12T00:25, type=class java.time.LocalDateTime, identifying=true},JobParameter{name='upperGameId', value=9223372036854775807, type=class java.lang.Long, identifying=true},JobParameter{name='lowerUpdatedAt', value=2026-08-12T00:19, type=class java.time.LocalDateTime, identifying=true},JobParameter{name='runId', value=stage4-c60-r25-20260812T124000Z, type=class java.lang.String, identifying=true},JobParameter{name='lowerGameId', value=0, type=class java.lang.Long, identifying=true}}] and the following status: [COMPLETED] in 190ms
STAGE4_STEP name=processIncrementalChangesStep status=COMPLETED read=3 write=3 commit=1 rollback=0
STAGE4_STEP name=advanceIncrementalCheckpointStep status=COMPLETED read=0 write=0 commit=1 rollback=0
STAGE4_JOB executionId=219 instanceId=215 status=COMPLETED lowerUpdatedAt=2026-08-12T00:19 lowerGameId=0 upperUpdatedAt=2026-08-12T00:25 durationMs=315
2026-08-12T21:41:27.107+09:00  INFO 28218 --- [game-history-lab] [ionShutdownHook] com.zaxxer.hikari.HikariDataSource       : HikariPool-1 - Shutdown initiated...
2026-08-12T21:41:27.112+09:00  INFO 28218 --- [game-history-lab] [ionShutdownHook] com.zaxxer.hikari.HikariDataSource       : HikariPool-1 - Shutdown completed.
tick_seconds=1560
apply_command=SET @elapsed_seconds=1560; scripts/sql/apply-stage4-workload.sql

  .   ____          _            __ _ _
 /\\ / ___'_ __ _ _(_)_ __  __ _ \ \ \ \
( ( )\___ | '_ | '_| | '_ \/ _` | \ \ \ \
 \\/  ___)| |_)| | | | | || (_| |  ) ) ) )
  '  |____| .__|_| |_|_| |_\__, | / / / /
 =========|_|==============|___/=/_/_/_/

 :: Spring Boot ::                (v4.1.0)

2026-08-12T21:41:28.393+09:00  INFO 28270 --- [game-history-lab] [           main] l.g.GameHistoryLabApplicationKt          : Starting GameHistoryLabApplicationKt v0.0.1-SNAPSHOT using Java 21.0.5 with PID 28270 (/Users/hongseungjun/이직/project/game-history-lab/build/libs/game-history-lab-0.0.1-SNAPSHOT.jar started by hongseungjun in /Users/hongseungjun/이직/project/game-history-lab)
2026-08-12T21:41:28.396+09:00  INFO 28270 --- [game-history-lab] [           main] l.g.GameHistoryLabApplicationKt          : No active profile set, falling back to 1 default profile: "default"
2026-08-12T21:41:29.375+09:00  INFO 28270 --- [game-history-lab] [           main] com.zaxxer.hikari.HikariDataSource       : HikariPool-1 - Starting...
2026-08-12T21:41:29.644+09:00  INFO 28270 --- [game-history-lab] [           main] com.zaxxer.hikari.pool.HikariPool        : HikariPool-1 - Added connection com.mysql.cj.jdbc.ConnectionImpl@c97721b
2026-08-12T21:41:29.645+09:00  INFO 28270 --- [game-history-lab] [           main] com.zaxxer.hikari.HikariDataSource       : HikariPool-1 - Start completed.
2026-08-12T21:41:29.767+09:00  WARN 28270 --- [game-history-lab] [           main] o.s.b.c.l.AbstractListenerFactoryBean    : org.springframework.batch.infrastructure.item.ItemProcessor is an interface. The implementing class will not be queried for annotation based listener configurations. If using @StepScope on a @Bean method, be sure to return the implementing class so listener annotations can be used.
2026-08-12T21:41:29.772+09:00  INFO 28270 --- [game-history-lab] [           main] o.s.b.c.step.item.ChunkOrientedTasklet   : DEPRECATION NOTE: The legacy implementation of the chunk-oriented processing model is deprecated as of Spring Batch 6.0 and will be removed in version 7.0.
2026-08-12T21:41:29.791+09:00  WARN 28270 --- [game-history-lab] [           main] o.s.b.c.l.AbstractListenerFactoryBean    : org.springframework.batch.infrastructure.item.ItemProcessor is an interface. The implementing class will not be queried for annotation based listener configurations. If using @StepScope on a @Bean method, be sure to return the implementing class so listener annotations can be used.
2026-08-12T21:41:29.791+09:00  INFO 28270 --- [game-history-lab] [           main] o.s.b.c.step.item.ChunkOrientedTasklet   : DEPRECATION NOTE: The legacy implementation of the chunk-oriented processing model is deprecated as of Spring Batch 6.0 and will be removed in version 7.0.
2026-08-12T21:41:29.901+09:00  INFO 28270 --- [game-history-lab] [           main] l.g.GameHistoryLabApplicationKt          : Started GameHistoryLabApplicationKt in 1.792 seconds (process running for 2.122)
2026-08-12T21:41:29.984+09:00  INFO 28270 --- [game-history-lab] [           main] o.s.b.c.l.s.TaskExecutorJobLauncher      : Job: [SimpleJob: [name=incrementalGameHistoryReadModelJob]] launched with the following parameters: [{JobParameter{name='failAfterCount', value=0, type=class java.lang.Long, identifying=false},JobParameter{name='upperUpdatedAt', value=2026-08-12T00:26, type=class java.time.LocalDateTime, identifying=true},JobParameter{name='upperGameId', value=9223372036854775807, type=class java.lang.Long, identifying=true},JobParameter{name='lowerUpdatedAt', value=2026-08-12T00:20, type=class java.time.LocalDateTime, identifying=true},JobParameter{name='runId', value=stage4-c60-r26-20260812T124000Z, type=class java.lang.String, identifying=true},JobParameter{name='lowerGameId', value=0, type=class java.lang.Long, identifying=true}}]
2026-08-12T21:41:30.073+09:00  INFO 28270 --- [game-history-lab] [           main] o.s.batch.core.step.AbstractStep         : Executing step: [processIncrementalChangesStep]
2026-08-12T21:41:30.156+09:00  INFO 28270 --- [game-history-lab] [           main] o.s.batch.core.step.AbstractStep         : Step: [processIncrementalChangesStep] executed in 89ms
2026-08-12T21:41:30.209+09:00  INFO 28270 --- [game-history-lab] [           main] o.s.batch.core.step.AbstractStep         : Executing step: [advanceIncrementalCheckpointStep]
2026-08-12T21:41:30.221+09:00  INFO 28270 --- [game-history-lab] [           main] o.s.batch.core.step.AbstractStep         : Step: [advanceIncrementalCheckpointStep] executed in 17ms
2026-08-12T21:41:30.248+09:00  INFO 28270 --- [game-history-lab] [           main] o.s.b.c.l.s.TaskExecutorJobLauncher      : Job: [SimpleJob: [name=incrementalGameHistoryReadModelJob]] completed with the following parameters: [{JobParameter{name='failAfterCount', value=0, type=class java.lang.Long, identifying=false},JobParameter{name='upperUpdatedAt', value=2026-08-12T00:26, type=class java.time.LocalDateTime, identifying=true},JobParameter{name='upperGameId', value=9223372036854775807, type=class java.lang.Long, identifying=true},JobParameter{name='lowerUpdatedAt', value=2026-08-12T00:20, type=class java.time.LocalDateTime, identifying=true},JobParameter{name='runId', value=stage4-c60-r26-20260812T124000Z, type=class java.lang.String, identifying=true},JobParameter{name='lowerGameId', value=0, type=class java.lang.Long, identifying=true}}] and the following status: [COMPLETED] in 214ms
STAGE4_STEP name=processIncrementalChangesStep status=COMPLETED read=3 write=3 commit=1 rollback=0
STAGE4_STEP name=advanceIncrementalCheckpointStep status=COMPLETED read=0 write=0 commit=1 rollback=0
STAGE4_JOB executionId=220 instanceId=216 status=COMPLETED lowerUpdatedAt=2026-08-12T00:20 lowerGameId=0 upperUpdatedAt=2026-08-12T00:26 durationMs=333
2026-08-12T21:41:30.255+09:00  INFO 28270 --- [game-history-lab] [ionShutdownHook] com.zaxxer.hikari.HikariDataSource       : HikariPool-1 - Shutdown initiated...
2026-08-12T21:41:30.259+09:00  INFO 28270 --- [game-history-lab] [ionShutdownHook] com.zaxxer.hikari.HikariDataSource       : HikariPool-1 - Shutdown completed.
tick_seconds=1620
apply_command=SET @elapsed_seconds=1620; scripts/sql/apply-stage4-workload.sql

  .   ____          _            __ _ _
 /\\ / ___'_ __ _ _(_)_ __  __ _ \ \ \ \
( ( )\___ | '_ | '_| | '_ \/ _` | \ \ \ \
 \\/  ___)| |_)| | | | | || (_| |  ) ) ) )
  '  |____| .__|_| |_|_| |_\__, | / / / /
 =========|_|==============|___/=/_/_/_/

 :: Spring Boot ::                (v4.1.0)

2026-08-12T21:41:39.835+09:00  INFO 28425 --- [game-history-lab] [           main] l.g.GameHistoryLabApplicationKt          : Starting GameHistoryLabApplicationKt v0.0.1-SNAPSHOT using Java 21.0.5 with PID 28425 (/Users/hongseungjun/이직/project/game-history-lab/build/libs/game-history-lab-0.0.1-SNAPSHOT.jar started by hongseungjun in /Users/hongseungjun/이직/project/game-history-lab)
2026-08-12T21:41:39.839+09:00  INFO 28425 --- [game-history-lab] [           main] l.g.GameHistoryLabApplicationKt          : No active profile set, falling back to 1 default profile: "default"
2026-08-12T21:41:40.909+09:00  INFO 28425 --- [game-history-lab] [           main] com.zaxxer.hikari.HikariDataSource       : HikariPool-1 - Starting...
2026-08-12T21:41:41.180+09:00  INFO 28425 --- [game-history-lab] [           main] com.zaxxer.hikari.pool.HikariPool        : HikariPool-1 - Added connection com.mysql.cj.jdbc.ConnectionImpl@c97721b
2026-08-12T21:41:41.181+09:00  INFO 28425 --- [game-history-lab] [           main] com.zaxxer.hikari.HikariDataSource       : HikariPool-1 - Start completed.
2026-08-12T21:41:41.343+09:00  WARN 28425 --- [game-history-lab] [           main] o.s.b.c.l.AbstractListenerFactoryBean    : org.springframework.batch.infrastructure.item.ItemProcessor is an interface. The implementing class will not be queried for annotation based listener configurations. If using @StepScope on a @Bean method, be sure to return the implementing class so listener annotations can be used.
2026-08-12T21:41:41.349+09:00  INFO 28425 --- [game-history-lab] [           main] o.s.b.c.step.item.ChunkOrientedTasklet   : DEPRECATION NOTE: The legacy implementation of the chunk-oriented processing model is deprecated as of Spring Batch 6.0 and will be removed in version 7.0.
2026-08-12T21:41:41.380+09:00  WARN 28425 --- [game-history-lab] [           main] o.s.b.c.l.AbstractListenerFactoryBean    : org.springframework.batch.infrastructure.item.ItemProcessor is an interface. The implementing class will not be queried for annotation based listener configurations. If using @StepScope on a @Bean method, be sure to return the implementing class so listener annotations can be used.
2026-08-12T21:41:41.381+09:00  INFO 28425 --- [game-history-lab] [           main] o.s.b.c.step.item.ChunkOrientedTasklet   : DEPRECATION NOTE: The legacy implementation of the chunk-oriented processing model is deprecated as of Spring Batch 6.0 and will be removed in version 7.0.
2026-08-12T21:41:41.510+09:00  INFO 28425 --- [game-history-lab] [           main] l.g.GameHistoryLabApplicationKt          : Started GameHistoryLabApplicationKt in 2.123 seconds (process running for 2.66)
2026-08-12T21:41:41.610+09:00  INFO 28425 --- [game-history-lab] [           main] o.s.b.c.l.s.TaskExecutorJobLauncher      : Job: [SimpleJob: [name=incrementalGameHistoryReadModelJob]] launched with the following parameters: [{JobParameter{name='failAfterCount', value=0, type=class java.lang.Long, identifying=false},JobParameter{name='upperUpdatedAt', value=2026-08-12T00:27, type=class java.time.LocalDateTime, identifying=true},JobParameter{name='upperGameId', value=9223372036854775807, type=class java.lang.Long, identifying=true},JobParameter{name='lowerUpdatedAt', value=2026-08-12T00:21, type=class java.time.LocalDateTime, identifying=true},JobParameter{name='runId', value=stage4-c60-r27-20260812T124000Z, type=class java.lang.String, identifying=true},JobParameter{name='lowerGameId', value=0, type=class java.lang.Long, identifying=true}}]
2026-08-12T21:41:41.691+09:00  INFO 28425 --- [game-history-lab] [           main] o.s.batch.core.step.AbstractStep         : Executing step: [processIncrementalChangesStep]
2026-08-12T21:41:41.764+09:00  INFO 28425 --- [game-history-lab] [           main] o.s.batch.core.step.AbstractStep         : Step: [processIncrementalChangesStep] executed in 77ms
2026-08-12T21:41:41.802+09:00  INFO 28425 --- [game-history-lab] [           main] o.s.batch.core.step.AbstractStep         : Executing step: [advanceIncrementalCheckpointStep]
2026-08-12T21:41:41.814+09:00  INFO 28425 --- [game-history-lab] [           main] o.s.batch.core.step.AbstractStep         : Step: [advanceIncrementalCheckpointStep] executed in 15ms
2026-08-12T21:41:41.838+09:00  INFO 28425 --- [game-history-lab] [           main] o.s.b.c.l.s.TaskExecutorJobLauncher      : Job: [SimpleJob: [name=incrementalGameHistoryReadModelJob]] completed with the following parameters: [{JobParameter{name='failAfterCount', value=0, type=class java.lang.Long, identifying=false},JobParameter{name='upperUpdatedAt', value=2026-08-12T00:27, type=class java.time.LocalDateTime, identifying=true},JobParameter{name='upperGameId', value=9223372036854775807, type=class java.lang.Long, identifying=true},JobParameter{name='lowerUpdatedAt', value=2026-08-12T00:21, type=class java.time.LocalDateTime, identifying=true},JobParameter{name='runId', value=stage4-c60-r27-20260812T124000Z, type=class java.lang.String, identifying=true},JobParameter{name='lowerGameId', value=0, type=class java.lang.Long, identifying=true}}] and the following status: [COMPLETED] in 174ms
STAGE4_STEP name=processIncrementalChangesStep status=COMPLETED read=3 write=3 commit=1 rollback=0
STAGE4_STEP name=advanceIncrementalCheckpointStep status=COMPLETED read=0 write=0 commit=1 rollback=0
STAGE4_JOB executionId=221 instanceId=217 status=COMPLETED lowerUpdatedAt=2026-08-12T00:21 lowerGameId=0 upperUpdatedAt=2026-08-12T00:27 durationMs=310
2026-08-12T21:41:41.845+09:00  INFO 28425 --- [game-history-lab] [ionShutdownHook] com.zaxxer.hikari.HikariDataSource       : HikariPool-1 - Shutdown initiated...
2026-08-12T21:41:41.849+09:00  INFO 28425 --- [game-history-lab] [ionShutdownHook] com.zaxxer.hikari.HikariDataSource       : HikariPool-1 - Shutdown completed.
tick_seconds=1680
apply_command=SET @elapsed_seconds=1680; scripts/sql/apply-stage4-workload.sql

  .   ____          _            __ _ _
 /\\ / ___'_ __ _ _(_)_ __  __ _ \ \ \ \
( ( )\___ | '_ | '_| | '_ \/ _` | \ \ \ \
 \\/  ___)| |_)| | | | | || (_| |  ) ) ) )
  '  |____| .__|_| |_|_| |_\__, | / / / /
 =========|_|==============|___/=/_/_/_/

 :: Spring Boot ::                (v4.1.0)

2026-08-12T21:41:43.031+09:00  INFO 28479 --- [game-history-lab] [           main] l.g.GameHistoryLabApplicationKt          : Starting GameHistoryLabApplicationKt v0.0.1-SNAPSHOT using Java 21.0.5 with PID 28479 (/Users/hongseungjun/이직/project/game-history-lab/build/libs/game-history-lab-0.0.1-SNAPSHOT.jar started by hongseungjun in /Users/hongseungjun/이직/project/game-history-lab)
2026-08-12T21:41:43.033+09:00  INFO 28479 --- [game-history-lab] [           main] l.g.GameHistoryLabApplicationKt          : No active profile set, falling back to 1 default profile: "default"
2026-08-12T21:41:43.790+09:00  INFO 28479 --- [game-history-lab] [           main] com.zaxxer.hikari.HikariDataSource       : HikariPool-1 - Starting...
2026-08-12T21:41:44.024+09:00  INFO 28479 --- [game-history-lab] [           main] com.zaxxer.hikari.pool.HikariPool        : HikariPool-1 - Added connection com.mysql.cj.jdbc.ConnectionImpl@c97721b
2026-08-12T21:41:44.025+09:00  INFO 28479 --- [game-history-lab] [           main] com.zaxxer.hikari.HikariDataSource       : HikariPool-1 - Start completed.
2026-08-12T21:41:44.149+09:00  WARN 28479 --- [game-history-lab] [           main] o.s.b.c.l.AbstractListenerFactoryBean    : org.springframework.batch.infrastructure.item.ItemProcessor is an interface. The implementing class will not be queried for annotation based listener configurations. If using @StepScope on a @Bean method, be sure to return the implementing class so listener annotations can be used.
2026-08-12T21:41:44.154+09:00  INFO 28479 --- [game-history-lab] [           main] o.s.b.c.step.item.ChunkOrientedTasklet   : DEPRECATION NOTE: The legacy implementation of the chunk-oriented processing model is deprecated as of Spring Batch 6.0 and will be removed in version 7.0.
2026-08-12T21:41:44.173+09:00  WARN 28479 --- [game-history-lab] [           main] o.s.b.c.l.AbstractListenerFactoryBean    : org.springframework.batch.infrastructure.item.ItemProcessor is an interface. The implementing class will not be queried for annotation based listener configurations. If using @StepScope on a @Bean method, be sure to return the implementing class so listener annotations can be used.
2026-08-12T21:41:44.173+09:00  INFO 28479 --- [game-history-lab] [           main] o.s.b.c.step.item.ChunkOrientedTasklet   : DEPRECATION NOTE: The legacy implementation of the chunk-oriented processing model is deprecated as of Spring Batch 6.0 and will be removed in version 7.0.
2026-08-12T21:41:44.264+09:00  INFO 28479 --- [game-history-lab] [           main] l.g.GameHistoryLabApplicationKt          : Started GameHistoryLabApplicationKt in 1.489 seconds (process running for 1.765)
2026-08-12T21:41:44.343+09:00  INFO 28479 --- [game-history-lab] [           main] o.s.b.c.l.s.TaskExecutorJobLauncher      : Job: [SimpleJob: [name=incrementalGameHistoryReadModelJob]] launched with the following parameters: [{JobParameter{name='failAfterCount', value=0, type=class java.lang.Long, identifying=false},JobParameter{name='upperUpdatedAt', value=2026-08-12T00:28, type=class java.time.LocalDateTime, identifying=true},JobParameter{name='upperGameId', value=9223372036854775807, type=class java.lang.Long, identifying=true},JobParameter{name='lowerUpdatedAt', value=2026-08-12T00:22, type=class java.time.LocalDateTime, identifying=true},JobParameter{name='runId', value=stage4-c60-r28-20260812T124000Z, type=class java.lang.String, identifying=true},JobParameter{name='lowerGameId', value=0, type=class java.lang.Long, identifying=true}}]
2026-08-12T21:41:44.416+09:00  INFO 28479 --- [game-history-lab] [           main] o.s.batch.core.step.AbstractStep         : Executing step: [processIncrementalChangesStep]
2026-08-12T21:41:44.476+09:00  INFO 28479 --- [game-history-lab] [           main] o.s.batch.core.step.AbstractStep         : Step: [processIncrementalChangesStep] executed in 67ms
2026-08-12T21:41:44.524+09:00  INFO 28479 --- [game-history-lab] [           main] o.s.batch.core.step.AbstractStep         : Executing step: [advanceIncrementalCheckpointStep]
2026-08-12T21:41:44.537+09:00  INFO 28479 --- [game-history-lab] [           main] o.s.batch.core.step.AbstractStep         : Step: [advanceIncrementalCheckpointStep] executed in 17ms
2026-08-12T21:41:44.570+09:00  INFO 28479 --- [game-history-lab] [           main] o.s.b.c.l.s.TaskExecutorJobLauncher      : Job: [SimpleJob: [name=incrementalGameHistoryReadModelJob]] completed with the following parameters: [{JobParameter{name='failAfterCount', value=0, type=class java.lang.Long, identifying=false},JobParameter{name='upperUpdatedAt', value=2026-08-12T00:28, type=class java.time.LocalDateTime, identifying=true},JobParameter{name='upperGameId', value=9223372036854775807, type=class java.lang.Long, identifying=true},JobParameter{name='lowerUpdatedAt', value=2026-08-12T00:22, type=class java.time.LocalDateTime, identifying=true},JobParameter{name='runId', value=stage4-c60-r28-20260812T124000Z, type=class java.lang.String, identifying=true},JobParameter{name='lowerGameId', value=0, type=class java.lang.Long, identifying=true}}] and the following status: [COMPLETED] in 184ms
STAGE4_STEP name=processIncrementalChangesStep status=COMPLETED read=0 write=0 commit=1 rollback=0
STAGE4_STEP name=advanceIncrementalCheckpointStep status=COMPLETED read=0 write=0 commit=1 rollback=0
STAGE4_JOB executionId=222 instanceId=218 status=COMPLETED lowerUpdatedAt=2026-08-12T00:22 lowerGameId=0 upperUpdatedAt=2026-08-12T00:28 durationMs=293
2026-08-12T21:41:44.577+09:00  INFO 28479 --- [game-history-lab] [ionShutdownHook] com.zaxxer.hikari.HikariDataSource       : HikariPool-1 - Shutdown initiated...
2026-08-12T21:41:44.597+09:00  INFO 28479 --- [game-history-lab] [ionShutdownHook] com.zaxxer.hikari.HikariDataSource       : HikariPool-1 - Shutdown completed.
tick_seconds=1740
apply_command=SET @elapsed_seconds=1740; scripts/sql/apply-stage4-workload.sql

  .   ____          _            __ _ _
 /\\ / ___'_ __ _ _(_)_ __  __ _ \ \ \ \
( ( )\___ | '_ | '_| | '_ \/ _` | \ \ \ \
 \\/  ___)| |_)| | | | | || (_| |  ) ) ) )
  '  |____| .__|_| |_|_| |_\__, | / / / /
 =========|_|==============|___/=/_/_/_/

 :: Spring Boot ::                (v4.1.0)

2026-08-12T21:41:45.816+09:00  INFO 28527 --- [game-history-lab] [           main] l.g.GameHistoryLabApplicationKt          : Starting GameHistoryLabApplicationKt v0.0.1-SNAPSHOT using Java 21.0.5 with PID 28527 (/Users/hongseungjun/이직/project/game-history-lab/build/libs/game-history-lab-0.0.1-SNAPSHOT.jar started by hongseungjun in /Users/hongseungjun/이직/project/game-history-lab)
2026-08-12T21:41:45.818+09:00  INFO 28527 --- [game-history-lab] [           main] l.g.GameHistoryLabApplicationKt          : No active profile set, falling back to 1 default profile: "default"
2026-08-12T21:41:46.936+09:00  INFO 28527 --- [game-history-lab] [           main] com.zaxxer.hikari.HikariDataSource       : HikariPool-1 - Starting...
2026-08-12T21:41:47.782+09:00  INFO 28527 --- [game-history-lab] [           main] com.zaxxer.hikari.pool.HikariPool        : HikariPool-1 - Added connection com.mysql.cj.jdbc.ConnectionImpl@c97721b
2026-08-12T21:41:47.785+09:00  INFO 28527 --- [game-history-lab] [           main] com.zaxxer.hikari.HikariDataSource       : HikariPool-1 - Start completed.
2026-08-12T21:41:48.195+09:00  WARN 28527 --- [game-history-lab] [           main] o.s.b.c.l.AbstractListenerFactoryBean    : org.springframework.batch.infrastructure.item.ItemProcessor is an interface. The implementing class will not be queried for annotation based listener configurations. If using @StepScope on a @Bean method, be sure to return the implementing class so listener annotations can be used.
2026-08-12T21:41:48.212+09:00  INFO 28527 --- [game-history-lab] [           main] o.s.b.c.step.item.ChunkOrientedTasklet   : DEPRECATION NOTE: The legacy implementation of the chunk-oriented processing model is deprecated as of Spring Batch 6.0 and will be removed in version 7.0.
2026-08-12T21:41:48.284+09:00  WARN 28527 --- [game-history-lab] [           main] o.s.b.c.l.AbstractListenerFactoryBean    : org.springframework.batch.infrastructure.item.ItemProcessor is an interface. The implementing class will not be queried for annotation based listener configurations. If using @StepScope on a @Bean method, be sure to return the implementing class so listener annotations can be used.
2026-08-12T21:41:48.284+09:00  INFO 28527 --- [game-history-lab] [           main] o.s.b.c.step.item.ChunkOrientedTasklet   : DEPRECATION NOTE: The legacy implementation of the chunk-oriented processing model is deprecated as of Spring Batch 6.0 and will be removed in version 7.0.
2026-08-12T21:41:48.582+09:00  INFO 28527 --- [game-history-lab] [           main] l.g.GameHistoryLabApplicationKt          : Started GameHistoryLabApplicationKt in 3.009 seconds (process running for 3.334)
2026-08-12T21:41:48.798+09:00  INFO 28527 --- [game-history-lab] [           main] o.s.b.c.l.s.TaskExecutorJobLauncher      : Job: [SimpleJob: [name=incrementalGameHistoryReadModelJob]] launched with the following parameters: [{JobParameter{name='failAfterCount', value=0, type=class java.lang.Long, identifying=false},JobParameter{name='upperUpdatedAt', value=2026-08-12T00:29, type=class java.time.LocalDateTime, identifying=true},JobParameter{name='upperGameId', value=9223372036854775807, type=class java.lang.Long, identifying=true},JobParameter{name='lowerUpdatedAt', value=2026-08-12T00:23, type=class java.time.LocalDateTime, identifying=true},JobParameter{name='runId', value=stage4-c60-r29-20260812T124000Z, type=class java.lang.String, identifying=true},JobParameter{name='lowerGameId', value=0, type=class java.lang.Long, identifying=true}}]
2026-08-12T21:41:49.045+09:00  INFO 28527 --- [game-history-lab] [           main] o.s.batch.core.step.AbstractStep         : Executing step: [processIncrementalChangesStep]
2026-08-12T21:41:49.262+09:00  INFO 28527 --- [game-history-lab] [           main] o.s.batch.core.step.AbstractStep         : Step: [processIncrementalChangesStep] executed in 233ms
2026-08-12T21:41:49.373+09:00  INFO 28527 --- [game-history-lab] [           main] o.s.batch.core.step.AbstractStep         : Executing step: [advanceIncrementalCheckpointStep]
2026-08-12T21:41:49.384+09:00  INFO 28527 --- [game-history-lab] [           main] o.s.batch.core.step.AbstractStep         : Step: [advanceIncrementalCheckpointStep] executed in 14ms
2026-08-12T21:41:49.409+09:00  INFO 28527 --- [game-history-lab] [           main] o.s.b.c.l.s.TaskExecutorJobLauncher      : Job: [SimpleJob: [name=incrementalGameHistoryReadModelJob]] completed with the following parameters: [{JobParameter{name='failAfterCount', value=0, type=class java.lang.Long, identifying=false},JobParameter{name='upperUpdatedAt', value=2026-08-12T00:29, type=class java.time.LocalDateTime, identifying=true},JobParameter{name='upperGameId', value=9223372036854775807, type=class java.lang.Long, identifying=true},JobParameter{name='lowerUpdatedAt', value=2026-08-12T00:23, type=class java.time.LocalDateTime, identifying=true},JobParameter{name='runId', value=stage4-c60-r29-20260812T124000Z, type=class java.lang.String, identifying=true},JobParameter{name='lowerGameId', value=0, type=class java.lang.Long, identifying=true}}] and the following status: [COMPLETED] in 484ms
STAGE4_STEP name=processIncrementalChangesStep status=COMPLETED read=0 write=0 commit=1 rollback=0
STAGE4_STEP name=advanceIncrementalCheckpointStep status=COMPLETED read=0 write=0 commit=1 rollback=0
STAGE4_JOB executionId=223 instanceId=219 status=COMPLETED lowerUpdatedAt=2026-08-12T00:23 lowerGameId=0 upperUpdatedAt=2026-08-12T00:29 durationMs=785
2026-08-12T21:41:49.415+09:00  INFO 28527 --- [game-history-lab] [ionShutdownHook] com.zaxxer.hikari.HikariDataSource       : HikariPool-1 - Shutdown initiated...
2026-08-12T21:41:49.418+09:00  INFO 28527 --- [game-history-lab] [ionShutdownHook] com.zaxxer.hikari.HikariDataSource       : HikariPool-1 - Shutdown completed.
tick_seconds=1800
apply_command=SET @elapsed_seconds=1800; scripts/sql/apply-stage4-workload.sql

  .   ____          _            __ _ _
 /\\ / ___'_ __ _ _(_)_ __  __ _ \ \ \ \
( ( )\___ | '_ | '_| | '_ \/ _` | \ \ \ \
 \\/  ___)| |_)| | | | | || (_| |  ) ) ) )
  '  |____| .__|_| |_|_| |_\__, | / / / /
 =========|_|==============|___/=/_/_/_/

 :: Spring Boot ::                (v4.1.0)

2026-08-12T21:41:50.634+09:00  INFO 28686 --- [game-history-lab] [           main] l.g.GameHistoryLabApplicationKt          : Starting GameHistoryLabApplicationKt v0.0.1-SNAPSHOT using Java 21.0.5 with PID 28686 (/Users/hongseungjun/이직/project/game-history-lab/build/libs/game-history-lab-0.0.1-SNAPSHOT.jar started by hongseungjun in /Users/hongseungjun/이직/project/game-history-lab)
2026-08-12T21:41:50.636+09:00  INFO 28686 --- [game-history-lab] [           main] l.g.GameHistoryLabApplicationKt          : No active profile set, falling back to 1 default profile: "default"
2026-08-12T21:41:51.465+09:00  INFO 28686 --- [game-history-lab] [           main] com.zaxxer.hikari.HikariDataSource       : HikariPool-1 - Starting...
2026-08-12T21:41:51.709+09:00  INFO 28686 --- [game-history-lab] [           main] com.zaxxer.hikari.pool.HikariPool        : HikariPool-1 - Added connection com.mysql.cj.jdbc.ConnectionImpl@2b79c8ff
2026-08-12T21:41:51.710+09:00  INFO 28686 --- [game-history-lab] [           main] com.zaxxer.hikari.HikariDataSource       : HikariPool-1 - Start completed.
2026-08-12T21:41:51.846+09:00  WARN 28686 --- [game-history-lab] [           main] o.s.b.c.l.AbstractListenerFactoryBean    : org.springframework.batch.infrastructure.item.ItemProcessor is an interface. The implementing class will not be queried for annotation based listener configurations. If using @StepScope on a @Bean method, be sure to return the implementing class so listener annotations can be used.
2026-08-12T21:41:51.852+09:00  INFO 28686 --- [game-history-lab] [           main] o.s.b.c.step.item.ChunkOrientedTasklet   : DEPRECATION NOTE: The legacy implementation of the chunk-oriented processing model is deprecated as of Spring Batch 6.0 and will be removed in version 7.0.
2026-08-12T21:41:51.875+09:00  WARN 28686 --- [game-history-lab] [           main] o.s.b.c.l.AbstractListenerFactoryBean    : org.springframework.batch.infrastructure.item.ItemProcessor is an interface. The implementing class will not be queried for annotation based listener configurations. If using @StepScope on a @Bean method, be sure to return the implementing class so listener annotations can be used.
2026-08-12T21:41:51.875+09:00  INFO 28686 --- [game-history-lab] [           main] o.s.b.c.step.item.ChunkOrientedTasklet   : DEPRECATION NOTE: The legacy implementation of the chunk-oriented processing model is deprecated as of Spring Batch 6.0 and will be removed in version 7.0.
2026-08-12T21:41:51.992+09:00  INFO 28686 --- [game-history-lab] [           main] l.g.GameHistoryLabApplicationKt          : Started GameHistoryLabApplicationKt in 1.622 seconds (process running for 1.904)
2026-08-12T21:41:52.080+09:00  INFO 28686 --- [game-history-lab] [           main] o.s.b.c.l.s.TaskExecutorJobLauncher      : Job: [SimpleJob: [name=incrementalGameHistoryReadModelJob]] launched with the following parameters: [{JobParameter{name='failAfterCount', value=0, type=class java.lang.Long, identifying=false},JobParameter{name='upperUpdatedAt', value=2026-08-12T00:30, type=class java.time.LocalDateTime, identifying=true},JobParameter{name='upperGameId', value=9223372036854775807, type=class java.lang.Long, identifying=true},JobParameter{name='lowerUpdatedAt', value=2026-08-12T00:24, type=class java.time.LocalDateTime, identifying=true},JobParameter{name='runId', value=stage4-c60-r30-20260812T124000Z, type=class java.lang.String, identifying=true},JobParameter{name='lowerGameId', value=0, type=class java.lang.Long, identifying=true}}]
2026-08-12T21:41:52.151+09:00  INFO 28686 --- [game-history-lab] [           main] o.s.batch.core.step.AbstractStep         : Executing step: [processIncrementalChangesStep]
2026-08-12T21:41:52.214+09:00  INFO 28686 --- [game-history-lab] [           main] o.s.batch.core.step.AbstractStep         : Step: [processIncrementalChangesStep] executed in 69ms
2026-08-12T21:41:52.265+09:00  INFO 28686 --- [game-history-lab] [           main] o.s.batch.core.step.AbstractStep         : Executing step: [advanceIncrementalCheckpointStep]
2026-08-12T21:41:52.278+09:00  INFO 28686 --- [game-history-lab] [           main] o.s.batch.core.step.AbstractStep         : Step: [advanceIncrementalCheckpointStep] executed in 19ms
2026-08-12T21:41:52.306+09:00  INFO 28686 --- [game-history-lab] [           main] o.s.b.c.l.s.TaskExecutorJobLauncher      : Job: [SimpleJob: [name=incrementalGameHistoryReadModelJob]] completed with the following parameters: [{JobParameter{name='failAfterCount', value=0, type=class java.lang.Long, identifying=false},JobParameter{name='upperUpdatedAt', value=2026-08-12T00:30, type=class java.time.LocalDateTime, identifying=true},JobParameter{name='upperGameId', value=9223372036854775807, type=class java.lang.Long, identifying=true},JobParameter{name='lowerUpdatedAt', value=2026-08-12T00:24, type=class java.time.LocalDateTime, identifying=true},JobParameter{name='runId', value=stage4-c60-r30-20260812T124000Z, type=class java.lang.String, identifying=true},JobParameter{name='lowerGameId', value=0, type=class java.lang.Long, identifying=true}}] and the following status: [COMPLETED] in 182ms
STAGE4_STEP name=processIncrementalChangesStep status=COMPLETED read=0 write=0 commit=1 rollback=0
STAGE4_STEP name=advanceIncrementalCheckpointStep status=COMPLETED read=0 write=0 commit=1 rollback=0
STAGE4_JOB executionId=224 instanceId=220 status=COMPLETED lowerUpdatedAt=2026-08-12T00:24 lowerGameId=0 upperUpdatedAt=2026-08-12T00:30 durationMs=297
2026-08-12T21:41:52.313+09:00  INFO 28686 --- [game-history-lab] [ionShutdownHook] com.zaxxer.hikari.HikariDataSource       : HikariPool-1 - Shutdown initiated...
2026-08-12T21:41:52.317+09:00  INFO 28686 --- [game-history-lab] [ionShutdownHook] com.zaxxer.hikari.HikariDataSource       : HikariPool-1 - Shutdown completed.
tick_seconds=1860
apply_command=SET @elapsed_seconds=1860; scripts/sql/apply-stage4-workload.sql

  .   ____          _            __ _ _
 /\\ / ___'_ __ _ _(_)_ __  __ _ \ \ \ \
( ( )\___ | '_ | '_| | '_ \/ _` | \ \ \ \
 \\/  ___)| |_)| | | | | || (_| |  ) ) ) )
  '  |____| .__|_| |_|_| |_\__, | / / / /
 =========|_|==============|___/=/_/_/_/

 :: Spring Boot ::                (v4.1.0)

2026-08-12T21:41:53.549+09:00  INFO 28735 --- [game-history-lab] [           main] l.g.GameHistoryLabApplicationKt          : Starting GameHistoryLabApplicationKt v0.0.1-SNAPSHOT using Java 21.0.5 with PID 28735 (/Users/hongseungjun/이직/project/game-history-lab/build/libs/game-history-lab-0.0.1-SNAPSHOT.jar started by hongseungjun in /Users/hongseungjun/이직/project/game-history-lab)
2026-08-12T21:41:53.551+09:00  INFO 28735 --- [game-history-lab] [           main] l.g.GameHistoryLabApplicationKt          : No active profile set, falling back to 1 default profile: "default"
2026-08-12T21:41:54.263+09:00  INFO 28735 --- [game-history-lab] [           main] com.zaxxer.hikari.HikariDataSource       : HikariPool-1 - Starting...
2026-08-12T21:41:54.485+09:00  INFO 28735 --- [game-history-lab] [           main] com.zaxxer.hikari.pool.HikariPool        : HikariPool-1 - Added connection com.mysql.cj.jdbc.ConnectionImpl@c97721b
2026-08-12T21:41:54.486+09:00  INFO 28735 --- [game-history-lab] [           main] com.zaxxer.hikari.HikariDataSource       : HikariPool-1 - Start completed.
2026-08-12T21:41:54.601+09:00  WARN 28735 --- [game-history-lab] [           main] o.s.b.c.l.AbstractListenerFactoryBean    : org.springframework.batch.infrastructure.item.ItemProcessor is an interface. The implementing class will not be queried for annotation based listener configurations. If using @StepScope on a @Bean method, be sure to return the implementing class so listener annotations can be used.
2026-08-12T21:41:54.606+09:00  INFO 28735 --- [game-history-lab] [           main] o.s.b.c.step.item.ChunkOrientedTasklet   : DEPRECATION NOTE: The legacy implementation of the chunk-oriented processing model is deprecated as of Spring Batch 6.0 and will be removed in version 7.0.
2026-08-12T21:41:54.625+09:00  WARN 28735 --- [game-history-lab] [           main] o.s.b.c.l.AbstractListenerFactoryBean    : org.springframework.batch.infrastructure.item.ItemProcessor is an interface. The implementing class will not be queried for annotation based listener configurations. If using @StepScope on a @Bean method, be sure to return the implementing class so listener annotations can be used.
2026-08-12T21:41:54.625+09:00  INFO 28735 --- [game-history-lab] [           main] o.s.b.c.step.item.ChunkOrientedTasklet   : DEPRECATION NOTE: The legacy implementation of the chunk-oriented processing model is deprecated as of Spring Batch 6.0 and will be removed in version 7.0.
2026-08-12T21:41:54.714+09:00  INFO 28735 --- [game-history-lab] [           main] l.g.GameHistoryLabApplicationKt          : Started GameHistoryLabApplicationKt in 1.432 seconds (process running for 1.738)
2026-08-12T21:41:54.785+09:00  INFO 28735 --- [game-history-lab] [           main] o.s.b.c.l.s.TaskExecutorJobLauncher      : Job: [SimpleJob: [name=incrementalGameHistoryReadModelJob]] launched with the following parameters: [{JobParameter{name='failAfterCount', value=0, type=class java.lang.Long, identifying=false},JobParameter{name='upperUpdatedAt', value=2026-08-12T00:31, type=class java.time.LocalDateTime, identifying=true},JobParameter{name='upperGameId', value=9223372036854775807, type=class java.lang.Long, identifying=true},JobParameter{name='lowerUpdatedAt', value=2026-08-12T00:25, type=class java.time.LocalDateTime, identifying=true},JobParameter{name='runId', value=stage4-c60-r31-20260812T124000Z, type=class java.lang.String, identifying=true},JobParameter{name='lowerGameId', value=0, type=class java.lang.Long, identifying=true}}]
2026-08-12T21:41:54.845+09:00  INFO 28735 --- [game-history-lab] [           main] o.s.batch.core.step.AbstractStep         : Executing step: [processIncrementalChangesStep]
2026-08-12T21:41:54.906+09:00  INFO 28735 --- [game-history-lab] [           main] o.s.batch.core.step.AbstractStep         : Step: [processIncrementalChangesStep] executed in 64ms
2026-08-12T21:41:54.943+09:00  INFO 28735 --- [game-history-lab] [           main] o.s.batch.core.step.AbstractStep         : Executing step: [advanceIncrementalCheckpointStep]
2026-08-12T21:41:54.954+09:00  INFO 28735 --- [game-history-lab] [           main] o.s.batch.core.step.AbstractStep         : Step: [advanceIncrementalCheckpointStep] executed in 15ms
2026-08-12T21:41:54.985+09:00  INFO 28735 --- [game-history-lab] [           main] o.s.b.c.l.s.TaskExecutorJobLauncher      : Job: [SimpleJob: [name=incrementalGameHistoryReadModelJob]] completed with the following parameters: [{JobParameter{name='failAfterCount', value=0, type=class java.lang.Long, identifying=false},JobParameter{name='upperUpdatedAt', value=2026-08-12T00:31, type=class java.time.LocalDateTime, identifying=true},JobParameter{name='upperGameId', value=9223372036854775807, type=class java.lang.Long, identifying=true},JobParameter{name='lowerUpdatedAt', value=2026-08-12T00:25, type=class java.time.LocalDateTime, identifying=true},JobParameter{name='runId', value=stage4-c60-r31-20260812T124000Z, type=class java.lang.String, identifying=true},JobParameter{name='lowerGameId', value=0, type=class java.lang.Long, identifying=true}}] and the following status: [COMPLETED] in 161ms
STAGE4_STEP name=processIncrementalChangesStep status=COMPLETED read=0 write=0 commit=1 rollback=0
STAGE4_STEP name=advanceIncrementalCheckpointStep status=COMPLETED read=0 write=0 commit=1 rollback=0
STAGE4_JOB executionId=225 instanceId=221 status=COMPLETED lowerUpdatedAt=2026-08-12T00:25 lowerGameId=0 upperUpdatedAt=2026-08-12T00:31 durationMs=259
2026-08-12T21:41:54.992+09:00  INFO 28735 --- [game-history-lab] [ionShutdownHook] com.zaxxer.hikari.HikariDataSource       : HikariPool-1 - Shutdown initiated...
2026-08-12T21:41:54.997+09:00  INFO 28735 --- [game-history-lab] [ionShutdownHook] com.zaxxer.hikari.HikariDataSource       : HikariPool-1 - Shutdown completed.
tick_seconds=1920
apply_command=SET @elapsed_seconds=1920; scripts/sql/apply-stage4-workload.sql

  .   ____          _            __ _ _
 /\\ / ___'_ __ _ _(_)_ __  __ _ \ \ \ \
( ( )\___ | '_ | '_| | '_ \/ _` | \ \ \ \
 \\/  ___)| |_)| | | | | || (_| |  ) ) ) )
  '  |____| .__|_| |_|_| |_\__, | / / / /
 =========|_|==============|___/=/_/_/_/

 :: Spring Boot ::                (v4.1.0)

2026-08-12T21:41:56.221+09:00  INFO 28783 --- [game-history-lab] [           main] l.g.GameHistoryLabApplicationKt          : Starting GameHistoryLabApplicationKt v0.0.1-SNAPSHOT using Java 21.0.5 with PID 28783 (/Users/hongseungjun/이직/project/game-history-lab/build/libs/game-history-lab-0.0.1-SNAPSHOT.jar started by hongseungjun in /Users/hongseungjun/이직/project/game-history-lab)
2026-08-12T21:41:56.223+09:00  INFO 28783 --- [game-history-lab] [           main] l.g.GameHistoryLabApplicationKt          : No active profile set, falling back to 1 default profile: "default"
2026-08-12T21:41:56.940+09:00  INFO 28783 --- [game-history-lab] [           main] com.zaxxer.hikari.HikariDataSource       : HikariPool-1 - Starting...
2026-08-12T21:41:57.160+09:00  INFO 28783 --- [game-history-lab] [           main] com.zaxxer.hikari.pool.HikariPool        : HikariPool-1 - Added connection com.mysql.cj.jdbc.ConnectionImpl@c97721b
2026-08-12T21:41:57.160+09:00  INFO 28783 --- [game-history-lab] [           main] com.zaxxer.hikari.HikariDataSource       : HikariPool-1 - Start completed.
2026-08-12T21:41:57.270+09:00  WARN 28783 --- [game-history-lab] [           main] o.s.b.c.l.AbstractListenerFactoryBean    : org.springframework.batch.infrastructure.item.ItemProcessor is an interface. The implementing class will not be queried for annotation based listener configurations. If using @StepScope on a @Bean method, be sure to return the implementing class so listener annotations can be used.
2026-08-12T21:41:57.275+09:00  INFO 28783 --- [game-history-lab] [           main] o.s.b.c.step.item.ChunkOrientedTasklet   : DEPRECATION NOTE: The legacy implementation of the chunk-oriented processing model is deprecated as of Spring Batch 6.0 and will be removed in version 7.0.
2026-08-12T21:41:57.294+09:00  WARN 28783 --- [game-history-lab] [           main] o.s.b.c.l.AbstractListenerFactoryBean    : org.springframework.batch.infrastructure.item.ItemProcessor is an interface. The implementing class will not be queried for annotation based listener configurations. If using @StepScope on a @Bean method, be sure to return the implementing class so listener annotations can be used.
2026-08-12T21:41:57.295+09:00  INFO 28783 --- [game-history-lab] [           main] o.s.b.c.step.item.ChunkOrientedTasklet   : DEPRECATION NOTE: The legacy implementation of the chunk-oriented processing model is deprecated as of Spring Batch 6.0 and will be removed in version 7.0.
2026-08-12T21:41:57.380+09:00  INFO 28783 --- [game-history-lab] [           main] l.g.GameHistoryLabApplicationKt          : Started GameHistoryLabApplicationKt in 1.423 seconds (process running for 1.72)
2026-08-12T21:41:57.452+09:00  INFO 28783 --- [game-history-lab] [           main] o.s.b.c.l.s.TaskExecutorJobLauncher      : Job: [SimpleJob: [name=incrementalGameHistoryReadModelJob]] launched with the following parameters: [{JobParameter{name='failAfterCount', value=0, type=class java.lang.Long, identifying=false},JobParameter{name='upperUpdatedAt', value=2026-08-12T00:32, type=class java.time.LocalDateTime, identifying=true},JobParameter{name='upperGameId', value=9223372036854775807, type=class java.lang.Long, identifying=true},JobParameter{name='lowerUpdatedAt', value=2026-08-12T00:26, type=class java.time.LocalDateTime, identifying=true},JobParameter{name='runId', value=stage4-c60-r32-20260812T124000Z, type=class java.lang.String, identifying=true},JobParameter{name='lowerGameId', value=0, type=class java.lang.Long, identifying=true}}]
2026-08-12T21:41:57.515+09:00  INFO 28783 --- [game-history-lab] [           main] o.s.batch.core.step.AbstractStep         : Executing step: [processIncrementalChangesStep]
2026-08-12T21:41:57.570+09:00  INFO 28783 --- [game-history-lab] [           main] o.s.batch.core.step.AbstractStep         : Step: [processIncrementalChangesStep] executed in 59ms
2026-08-12T21:41:57.612+09:00  INFO 28783 --- [game-history-lab] [           main] o.s.batch.core.step.AbstractStep         : Executing step: [advanceIncrementalCheckpointStep]
2026-08-12T21:41:57.623+09:00  INFO 28783 --- [game-history-lab] [           main] o.s.batch.core.step.AbstractStep         : Step: [advanceIncrementalCheckpointStep] executed in 15ms
2026-08-12T21:41:57.652+09:00  INFO 28783 --- [game-history-lab] [           main] o.s.b.c.l.s.TaskExecutorJobLauncher      : Job: [SimpleJob: [name=incrementalGameHistoryReadModelJob]] completed with the following parameters: [{JobParameter{name='failAfterCount', value=0, type=class java.lang.Long, identifying=false},JobParameter{name='upperUpdatedAt', value=2026-08-12T00:32, type=class java.time.LocalDateTime, identifying=true},JobParameter{name='upperGameId', value=9223372036854775807, type=class java.lang.Long, identifying=true},JobParameter{name='lowerUpdatedAt', value=2026-08-12T00:26, type=class java.time.LocalDateTime, identifying=true},JobParameter{name='runId', value=stage4-c60-r32-20260812T124000Z, type=class java.lang.String, identifying=true},JobParameter{name='lowerGameId', value=0, type=class java.lang.Long, identifying=true}}] and the following status: [COMPLETED] in 162ms
STAGE4_STEP name=processIncrementalChangesStep status=COMPLETED read=0 write=0 commit=1 rollback=0
STAGE4_STEP name=advanceIncrementalCheckpointStep status=COMPLETED read=0 write=0 commit=1 rollback=0
STAGE4_JOB executionId=226 instanceId=222 status=COMPLETED lowerUpdatedAt=2026-08-12T00:26 lowerGameId=0 upperUpdatedAt=2026-08-12T00:32 durationMs=258
2026-08-12T21:41:57.659+09:00  INFO 28783 --- [game-history-lab] [ionShutdownHook] com.zaxxer.hikari.HikariDataSource       : HikariPool-1 - Shutdown initiated...
2026-08-12T21:41:57.677+09:00  INFO 28783 --- [game-history-lab] [ionShutdownHook] com.zaxxer.hikari.HikariDataSource       : HikariPool-1 - Shutdown completed.
tick_seconds=1980
apply_command=SET @elapsed_seconds=1980; scripts/sql/apply-stage4-workload.sql

  .   ____          _            __ _ _
 /\\ / ___'_ __ _ _(_)_ __  __ _ \ \ \ \
( ( )\___ | '_ | '_| | '_ \/ _` | \ \ \ \
 \\/  ___)| |_)| | | | | || (_| |  ) ) ) )
  '  |____| .__|_| |_|_| |_\__, | / / / /
 =========|_|==============|___/=/_/_/_/

 :: Spring Boot ::                (v4.1.0)

2026-08-12T21:41:58.997+09:00  INFO 28832 --- [game-history-lab] [           main] l.g.GameHistoryLabApplicationKt          : Starting GameHistoryLabApplicationKt v0.0.1-SNAPSHOT using Java 21.0.5 with PID 28832 (/Users/hongseungjun/이직/project/game-history-lab/build/libs/game-history-lab-0.0.1-SNAPSHOT.jar started by hongseungjun in /Users/hongseungjun/이직/project/game-history-lab)
2026-08-12T21:41:59.000+09:00  INFO 28832 --- [game-history-lab] [           main] l.g.GameHistoryLabApplicationKt          : No active profile set, falling back to 1 default profile: "default"
2026-08-12T21:41:59.733+09:00  INFO 28832 --- [game-history-lab] [           main] com.zaxxer.hikari.HikariDataSource       : HikariPool-1 - Starting...
2026-08-12T21:41:59.984+09:00  INFO 28832 --- [game-history-lab] [           main] com.zaxxer.hikari.pool.HikariPool        : HikariPool-1 - Added connection com.mysql.cj.jdbc.ConnectionImpl@c97721b
2026-08-12T21:41:59.985+09:00  INFO 28832 --- [game-history-lab] [           main] com.zaxxer.hikari.HikariDataSource       : HikariPool-1 - Start completed.
2026-08-12T21:42:00.123+09:00  WARN 28832 --- [game-history-lab] [           main] o.s.b.c.l.AbstractListenerFactoryBean    : org.springframework.batch.infrastructure.item.ItemProcessor is an interface. The implementing class will not be queried for annotation based listener configurations. If using @StepScope on a @Bean method, be sure to return the implementing class so listener annotations can be used.
2026-08-12T21:42:00.129+09:00  INFO 28832 --- [game-history-lab] [           main] o.s.b.c.step.item.ChunkOrientedTasklet   : DEPRECATION NOTE: The legacy implementation of the chunk-oriented processing model is deprecated as of Spring Batch 6.0 and will be removed in version 7.0.
2026-08-12T21:42:00.163+09:00  WARN 28832 --- [game-history-lab] [           main] o.s.b.c.l.AbstractListenerFactoryBean    : org.springframework.batch.infrastructure.item.ItemProcessor is an interface. The implementing class will not be queried for annotation based listener configurations. If using @StepScope on a @Bean method, be sure to return the implementing class so listener annotations can be used.
2026-08-12T21:42:00.163+09:00  INFO 28832 --- [game-history-lab] [           main] o.s.b.c.step.item.ChunkOrientedTasklet   : DEPRECATION NOTE: The legacy implementation of the chunk-oriented processing model is deprecated as of Spring Batch 6.0 and will be removed in version 7.0.
2026-08-12T21:42:00.271+09:00  INFO 28832 --- [game-history-lab] [           main] l.g.GameHistoryLabApplicationKt          : Started GameHistoryLabApplicationKt in 1.613 seconds (process running for 1.949)
2026-08-12T21:42:00.351+09:00  INFO 28832 --- [game-history-lab] [           main] o.s.b.c.l.s.TaskExecutorJobLauncher      : Job: [SimpleJob: [name=incrementalGameHistoryReadModelJob]] launched with the following parameters: [{JobParameter{name='failAfterCount', value=0, type=class java.lang.Long, identifying=false},JobParameter{name='upperUpdatedAt', value=2026-08-12T00:33, type=class java.time.LocalDateTime, identifying=true},JobParameter{name='upperGameId', value=9223372036854775807, type=class java.lang.Long, identifying=true},JobParameter{name='lowerUpdatedAt', value=2026-08-12T00:27, type=class java.time.LocalDateTime, identifying=true},JobParameter{name='runId', value=stage4-c60-r33-20260812T124000Z, type=class java.lang.String, identifying=true},JobParameter{name='lowerGameId', value=0, type=class java.lang.Long, identifying=true}}]
2026-08-12T21:42:00.432+09:00  INFO 28832 --- [game-history-lab] [           main] o.s.batch.core.step.AbstractStep         : Executing step: [processIncrementalChangesStep]
2026-08-12T21:42:00.491+09:00  INFO 28832 --- [game-history-lab] [           main] o.s.batch.core.step.AbstractStep         : Step: [processIncrementalChangesStep] executed in 65ms
2026-08-12T21:42:00.532+09:00  INFO 28832 --- [game-history-lab] [           main] o.s.batch.core.step.AbstractStep         : Executing step: [advanceIncrementalCheckpointStep]
2026-08-12T21:42:00.542+09:00  INFO 28832 --- [game-history-lab] [           main] o.s.batch.core.step.AbstractStep         : Step: [advanceIncrementalCheckpointStep] executed in 14ms
2026-08-12T21:42:00.565+09:00  INFO 28832 --- [game-history-lab] [           main] o.s.b.c.l.s.TaskExecutorJobLauncher      : Job: [SimpleJob: [name=incrementalGameHistoryReadModelJob]] completed with the following parameters: [{JobParameter{name='failAfterCount', value=0, type=class java.lang.Long, identifying=false},JobParameter{name='upperUpdatedAt', value=2026-08-12T00:33, type=class java.time.LocalDateTime, identifying=true},JobParameter{name='upperGameId', value=9223372036854775807, type=class java.lang.Long, identifying=true},JobParameter{name='lowerUpdatedAt', value=2026-08-12T00:27, type=class java.time.LocalDateTime, identifying=true},JobParameter{name='runId', value=stage4-c60-r33-20260812T124000Z, type=class java.lang.String, identifying=true},JobParameter{name='lowerGameId', value=0, type=class java.lang.Long, identifying=true}}] and the following status: [COMPLETED] in 169ms
STAGE4_STEP name=processIncrementalChangesStep status=COMPLETED read=0 write=0 commit=1 rollback=0
STAGE4_STEP name=advanceIncrementalCheckpointStep status=COMPLETED read=0 write=0 commit=1 rollback=0
STAGE4_JOB executionId=227 instanceId=223 status=COMPLETED lowerUpdatedAt=2026-08-12T00:27 lowerGameId=0 upperUpdatedAt=2026-08-12T00:33 durationMs=277
2026-08-12T21:42:00.572+09:00  INFO 28832 --- [game-history-lab] [ionShutdownHook] com.zaxxer.hikari.HikariDataSource       : HikariPool-1 - Shutdown initiated...
2026-08-12T21:42:00.577+09:00  INFO 28832 --- [game-history-lab] [ionShutdownHook] com.zaxxer.hikari.HikariDataSource       : HikariPool-1 - Shutdown completed.
tick_seconds=2040
apply_command=SET @elapsed_seconds=2040; scripts/sql/apply-stage4-workload.sql

  .   ____          _            __ _ _
 /\\ / ___'_ __ _ _(_)_ __  __ _ \ \ \ \
( ( )\___ | '_ | '_| | '_ \/ _` | \ \ \ \
 \\/  ___)| |_)| | | | | || (_| |  ) ) ) )
  '  |____| .__|_| |_|_| |_\__, | / / / /
 =========|_|==============|___/=/_/_/_/

 :: Spring Boot ::                (v4.1.0)

2026-08-12T21:42:01.854+09:00  INFO 28984 --- [game-history-lab] [           main] l.g.GameHistoryLabApplicationKt          : Starting GameHistoryLabApplicationKt v0.0.1-SNAPSHOT using Java 21.0.5 with PID 28984 (/Users/hongseungjun/이직/project/game-history-lab/build/libs/game-history-lab-0.0.1-SNAPSHOT.jar started by hongseungjun in /Users/hongseungjun/이직/project/game-history-lab)
2026-08-12T21:42:01.858+09:00  INFO 28984 --- [game-history-lab] [           main] l.g.GameHistoryLabApplicationKt          : No active profile set, falling back to 1 default profile: "default"
2026-08-12T21:42:02.759+09:00  INFO 28984 --- [game-history-lab] [           main] com.zaxxer.hikari.HikariDataSource       : HikariPool-1 - Starting...
2026-08-12T21:42:03.008+09:00  INFO 28984 --- [game-history-lab] [           main] com.zaxxer.hikari.pool.HikariPool        : HikariPool-1 - Added connection com.mysql.cj.jdbc.ConnectionImpl@c97721b
2026-08-12T21:42:03.009+09:00  INFO 28984 --- [game-history-lab] [           main] com.zaxxer.hikari.HikariDataSource       : HikariPool-1 - Start completed.
2026-08-12T21:42:03.155+09:00  WARN 28984 --- [game-history-lab] [           main] o.s.b.c.l.AbstractListenerFactoryBean    : org.springframework.batch.infrastructure.item.ItemProcessor is an interface. The implementing class will not be queried for annotation based listener configurations. If using @StepScope on a @Bean method, be sure to return the implementing class so listener annotations can be used.
2026-08-12T21:42:03.161+09:00  INFO 28984 --- [game-history-lab] [           main] o.s.b.c.step.item.ChunkOrientedTasklet   : DEPRECATION NOTE: The legacy implementation of the chunk-oriented processing model is deprecated as of Spring Batch 6.0 and will be removed in version 7.0.
2026-08-12T21:42:03.185+09:00  WARN 28984 --- [game-history-lab] [           main] o.s.b.c.l.AbstractListenerFactoryBean    : org.springframework.batch.infrastructure.item.ItemProcessor is an interface. The implementing class will not be queried for annotation based listener configurations. If using @StepScope on a @Bean method, be sure to return the implementing class so listener annotations can be used.
2026-08-12T21:42:03.185+09:00  INFO 28984 --- [game-history-lab] [           main] o.s.b.c.step.item.ChunkOrientedTasklet   : DEPRECATION NOTE: The legacy implementation of the chunk-oriented processing model is deprecated as of Spring Batch 6.0 and will be removed in version 7.0.
2026-08-12T21:42:03.296+09:00  INFO 28984 --- [game-history-lab] [           main] l.g.GameHistoryLabApplicationKt          : Started GameHistoryLabApplicationKt in 1.749 seconds (process running for 2.052)
2026-08-12T21:42:03.404+09:00  INFO 28984 --- [game-history-lab] [           main] o.s.b.c.l.s.TaskExecutorJobLauncher      : Job: [SimpleJob: [name=incrementalGameHistoryReadModelJob]] launched with the following parameters: [{JobParameter{name='failAfterCount', value=0, type=class java.lang.Long, identifying=false},JobParameter{name='upperUpdatedAt', value=2026-08-12T00:34, type=class java.time.LocalDateTime, identifying=true},JobParameter{name='upperGameId', value=9223372036854775807, type=class java.lang.Long, identifying=true},JobParameter{name='lowerUpdatedAt', value=2026-08-12T00:28, type=class java.time.LocalDateTime, identifying=true},JobParameter{name='runId', value=stage4-c60-r34-20260812T124000Z, type=class java.lang.String, identifying=true},JobParameter{name='lowerGameId', value=0, type=class java.lang.Long, identifying=true}}]
2026-08-12T21:42:03.495+09:00  INFO 28984 --- [game-history-lab] [           main] o.s.batch.core.step.AbstractStep         : Executing step: [processIncrementalChangesStep]
2026-08-12T21:42:03.560+09:00  INFO 28984 --- [game-history-lab] [           main] o.s.batch.core.step.AbstractStep         : Step: [processIncrementalChangesStep] executed in 70ms
2026-08-12T21:42:03.613+09:00  INFO 28984 --- [game-history-lab] [           main] o.s.batch.core.step.AbstractStep         : Executing step: [advanceIncrementalCheckpointStep]
2026-08-12T21:42:03.625+09:00  INFO 28984 --- [game-history-lab] [           main] o.s.batch.core.step.AbstractStep         : Step: [advanceIncrementalCheckpointStep] executed in 17ms
2026-08-12T21:42:03.655+09:00  INFO 28984 --- [game-history-lab] [           main] o.s.b.c.l.s.TaskExecutorJobLauncher      : Job: [SimpleJob: [name=incrementalGameHistoryReadModelJob]] completed with the following parameters: [{JobParameter{name='failAfterCount', value=0, type=class java.lang.Long, identifying=false},JobParameter{name='upperUpdatedAt', value=2026-08-12T00:34, type=class java.time.LocalDateTime, identifying=true},JobParameter{name='upperGameId', value=9223372036854775807, type=class java.lang.Long, identifying=true},JobParameter{name='lowerUpdatedAt', value=2026-08-12T00:28, type=class java.time.LocalDateTime, identifying=true},JobParameter{name='runId', value=stage4-c60-r34-20260812T124000Z, type=class java.lang.String, identifying=true},JobParameter{name='lowerGameId', value=0, type=class java.lang.Long, identifying=true}}] and the following status: [COMPLETED] in 192ms
STAGE4_STEP name=processIncrementalChangesStep status=COMPLETED read=0 write=0 commit=1 rollback=0
STAGE4_STEP name=advanceIncrementalCheckpointStep status=COMPLETED read=0 write=0 commit=1 rollback=0
STAGE4_JOB executionId=228 instanceId=224 status=COMPLETED lowerUpdatedAt=2026-08-12T00:28 lowerGameId=0 upperUpdatedAt=2026-08-12T00:34 durationMs=340
2026-08-12T21:42:03.661+09:00  INFO 28984 --- [game-history-lab] [ionShutdownHook] com.zaxxer.hikari.HikariDataSource       : HikariPool-1 - Shutdown initiated...
2026-08-12T21:42:03.665+09:00  INFO 28984 --- [game-history-lab] [ionShutdownHook] com.zaxxer.hikari.HikariDataSource       : HikariPool-1 - Shutdown completed.
tick_seconds=2100
apply_command=SET @elapsed_seconds=2100; scripts/sql/apply-stage4-workload.sql

  .   ____          _            __ _ _
 /\\ / ___'_ __ _ _(_)_ __  __ _ \ \ \ \
( ( )\___ | '_ | '_| | '_ \/ _` | \ \ \ \
 \\/  ___)| |_)| | | | | || (_| |  ) ) ) )
  '  |____| .__|_| |_|_| |_\__, | / / / /
 =========|_|==============|___/=/_/_/_/

 :: Spring Boot ::                (v4.1.0)

2026-08-12T21:42:04.916+09:00  INFO 29033 --- [game-history-lab] [           main] l.g.GameHistoryLabApplicationKt          : Starting GameHistoryLabApplicationKt v0.0.1-SNAPSHOT using Java 21.0.5 with PID 29033 (/Users/hongseungjun/이직/project/game-history-lab/build/libs/game-history-lab-0.0.1-SNAPSHOT.jar started by hongseungjun in /Users/hongseungjun/이직/project/game-history-lab)
2026-08-12T21:42:04.918+09:00  INFO 29033 --- [game-history-lab] [           main] l.g.GameHistoryLabApplicationKt          : No active profile set, falling back to 1 default profile: "default"
2026-08-12T21:42:05.772+09:00  INFO 29033 --- [game-history-lab] [           main] com.zaxxer.hikari.HikariDataSource       : HikariPool-1 - Starting...
2026-08-12T21:42:06.033+09:00  INFO 29033 --- [game-history-lab] [           main] com.zaxxer.hikari.pool.HikariPool        : HikariPool-1 - Added connection com.mysql.cj.jdbc.ConnectionImpl@c97721b
2026-08-12T21:42:06.034+09:00  INFO 29033 --- [game-history-lab] [           main] com.zaxxer.hikari.HikariDataSource       : HikariPool-1 - Start completed.
2026-08-12T21:42:06.168+09:00  WARN 29033 --- [game-history-lab] [           main] o.s.b.c.l.AbstractListenerFactoryBean    : org.springframework.batch.infrastructure.item.ItemProcessor is an interface. The implementing class will not be queried for annotation based listener configurations. If using @StepScope on a @Bean method, be sure to return the implementing class so listener annotations can be used.
2026-08-12T21:42:06.174+09:00  INFO 29033 --- [game-history-lab] [           main] o.s.b.c.step.item.ChunkOrientedTasklet   : DEPRECATION NOTE: The legacy implementation of the chunk-oriented processing model is deprecated as of Spring Batch 6.0 and will be removed in version 7.0.
2026-08-12T21:42:06.195+09:00  WARN 29033 --- [game-history-lab] [           main] o.s.b.c.l.AbstractListenerFactoryBean    : org.springframework.batch.infrastructure.item.ItemProcessor is an interface. The implementing class will not be queried for annotation based listener configurations. If using @StepScope on a @Bean method, be sure to return the implementing class so listener annotations can be used.
2026-08-12T21:42:06.196+09:00  INFO 29033 --- [game-history-lab] [           main] o.s.b.c.step.item.ChunkOrientedTasklet   : DEPRECATION NOTE: The legacy implementation of the chunk-oriented processing model is deprecated as of Spring Batch 6.0 and will be removed in version 7.0.
2026-08-12T21:42:06.301+09:00  INFO 29033 --- [game-history-lab] [           main] l.g.GameHistoryLabApplicationKt          : Started GameHistoryLabApplicationKt in 1.691 seconds (process running for 1.98)
2026-08-12T21:42:06.392+09:00  INFO 29033 --- [game-history-lab] [           main] o.s.b.c.l.s.TaskExecutorJobLauncher      : Job: [SimpleJob: [name=incrementalGameHistoryReadModelJob]] launched with the following parameters: [{JobParameter{name='failAfterCount', value=0, type=class java.lang.Long, identifying=false},JobParameter{name='upperUpdatedAt', value=2026-08-12T00:35, type=class java.time.LocalDateTime, identifying=true},JobParameter{name='upperGameId', value=9223372036854775807, type=class java.lang.Long, identifying=true},JobParameter{name='lowerUpdatedAt', value=2026-08-12T00:29, type=class java.time.LocalDateTime, identifying=true},JobParameter{name='runId', value=stage4-c60-r35-20260812T124000Z, type=class java.lang.String, identifying=true},JobParameter{name='lowerGameId', value=0, type=class java.lang.Long, identifying=true}}]
2026-08-12T21:42:06.469+09:00  INFO 29033 --- [game-history-lab] [           main] o.s.batch.core.step.AbstractStep         : Executing step: [processIncrementalChangesStep]
2026-08-12T21:42:06.538+09:00  INFO 29033 --- [game-history-lab] [           main] o.s.batch.core.step.AbstractStep         : Step: [processIncrementalChangesStep] executed in 76ms
2026-08-12T21:42:06.594+09:00  INFO 29033 --- [game-history-lab] [           main] o.s.batch.core.step.AbstractStep         : Executing step: [advanceIncrementalCheckpointStep]
2026-08-12T21:42:06.609+09:00  INFO 29033 --- [game-history-lab] [           main] o.s.batch.core.step.AbstractStep         : Step: [advanceIncrementalCheckpointStep] executed in 20ms
2026-08-12T21:42:06.645+09:00  INFO 29033 --- [game-history-lab] [           main] o.s.b.c.l.s.TaskExecutorJobLauncher      : Job: [SimpleJob: [name=incrementalGameHistoryReadModelJob]] completed with the following parameters: [{JobParameter{name='failAfterCount', value=0, type=class java.lang.Long, identifying=false},JobParameter{name='upperUpdatedAt', value=2026-08-12T00:35, type=class java.time.LocalDateTime, identifying=true},JobParameter{name='upperGameId', value=9223372036854775807, type=class java.lang.Long, identifying=true},JobParameter{name='lowerUpdatedAt', value=2026-08-12T00:29, type=class java.time.LocalDateTime, identifying=true},JobParameter{name='runId', value=stage4-c60-r35-20260812T124000Z, type=class java.lang.String, identifying=true},JobParameter{name='lowerGameId', value=0, type=class java.lang.Long, identifying=true}}] and the following status: [COMPLETED] in 203ms
STAGE4_STEP name=processIncrementalChangesStep status=COMPLETED read=0 write=0 commit=1 rollback=0
STAGE4_STEP name=advanceIncrementalCheckpointStep status=COMPLETED read=0 write=0 commit=1 rollback=0
STAGE4_JOB executionId=229 instanceId=225 status=COMPLETED lowerUpdatedAt=2026-08-12T00:29 lowerGameId=0 upperUpdatedAt=2026-08-12T00:35 durationMs=326
2026-08-12T21:42:06.653+09:00  INFO 29033 --- [game-history-lab] [ionShutdownHook] com.zaxxer.hikari.HikariDataSource       : HikariPool-1 - Shutdown initiated...
2026-08-12T21:42:06.657+09:00  INFO 29033 --- [game-history-lab] [ionShutdownHook] com.zaxxer.hikari.HikariDataSource       : HikariPool-1 - Shutdown completed.
tick_seconds=2160
apply_command=SET @elapsed_seconds=2160; scripts/sql/apply-stage4-workload.sql

  .   ____          _            __ _ _
 /\\ / ___'_ __ _ _(_)_ __  __ _ \ \ \ \
( ( )\___ | '_ | '_| | '_ \/ _` | \ \ \ \
 \\/  ___)| |_)| | | | | || (_| |  ) ) ) )
  '  |____| .__|_| |_|_| |_\__, | / / / /
 =========|_|==============|___/=/_/_/_/

 :: Spring Boot ::                (v4.1.0)

2026-08-12T21:42:07.947+09:00  INFO 29085 --- [game-history-lab] [           main] l.g.GameHistoryLabApplicationKt          : Starting GameHistoryLabApplicationKt v0.0.1-SNAPSHOT using Java 21.0.5 with PID 29085 (/Users/hongseungjun/이직/project/game-history-lab/build/libs/game-history-lab-0.0.1-SNAPSHOT.jar started by hongseungjun in /Users/hongseungjun/이직/project/game-history-lab)
2026-08-12T21:42:07.950+09:00  INFO 29085 --- [game-history-lab] [           main] l.g.GameHistoryLabApplicationKt          : No active profile set, falling back to 1 default profile: "default"
2026-08-12T21:42:08.743+09:00  INFO 29085 --- [game-history-lab] [           main] com.zaxxer.hikari.HikariDataSource       : HikariPool-1 - Starting...
2026-08-12T21:42:08.976+09:00  INFO 29085 --- [game-history-lab] [           main] com.zaxxer.hikari.pool.HikariPool        : HikariPool-1 - Added connection com.mysql.cj.jdbc.ConnectionImpl@c97721b
2026-08-12T21:42:08.977+09:00  INFO 29085 --- [game-history-lab] [           main] com.zaxxer.hikari.HikariDataSource       : HikariPool-1 - Start completed.
2026-08-12T21:42:09.117+09:00  WARN 29085 --- [game-history-lab] [           main] o.s.b.c.l.AbstractListenerFactoryBean    : org.springframework.batch.infrastructure.item.ItemProcessor is an interface. The implementing class will not be queried for annotation based listener configurations. If using @StepScope on a @Bean method, be sure to return the implementing class so listener annotations can be used.
2026-08-12T21:42:09.123+09:00  INFO 29085 --- [game-history-lab] [           main] o.s.b.c.step.item.ChunkOrientedTasklet   : DEPRECATION NOTE: The legacy implementation of the chunk-oriented processing model is deprecated as of Spring Batch 6.0 and will be removed in version 7.0.
2026-08-12T21:42:09.145+09:00  WARN 29085 --- [game-history-lab] [           main] o.s.b.c.l.AbstractListenerFactoryBean    : org.springframework.batch.infrastructure.item.ItemProcessor is an interface. The implementing class will not be queried for annotation based listener configurations. If using @StepScope on a @Bean method, be sure to return the implementing class so listener annotations can be used.
2026-08-12T21:42:09.145+09:00  INFO 29085 --- [game-history-lab] [           main] o.s.b.c.step.item.ChunkOrientedTasklet   : DEPRECATION NOTE: The legacy implementation of the chunk-oriented processing model is deprecated as of Spring Batch 6.0 and will be removed in version 7.0.
2026-08-12T21:42:09.245+09:00  INFO 29085 --- [game-history-lab] [           main] l.g.GameHistoryLabApplicationKt          : Started GameHistoryLabApplicationKt in 1.584 seconds (process running for 1.904)
2026-08-12T21:42:09.326+09:00  INFO 29085 --- [game-history-lab] [           main] o.s.b.c.l.s.TaskExecutorJobLauncher      : Job: [SimpleJob: [name=incrementalGameHistoryReadModelJob]] launched with the following parameters: [{JobParameter{name='failAfterCount', value=0, type=class java.lang.Long, identifying=false},JobParameter{name='upperUpdatedAt', value=2026-08-12T00:36, type=class java.time.LocalDateTime, identifying=true},JobParameter{name='upperGameId', value=9223372036854775807, type=class java.lang.Long, identifying=true},JobParameter{name='lowerUpdatedAt', value=2026-08-12T00:30, type=class java.time.LocalDateTime, identifying=true},JobParameter{name='runId', value=stage4-c60-r36-20260812T124000Z, type=class java.lang.String, identifying=true},JobParameter{name='lowerGameId', value=0, type=class java.lang.Long, identifying=true}}]
2026-08-12T21:42:09.400+09:00  INFO 29085 --- [game-history-lab] [           main] o.s.batch.core.step.AbstractStep         : Executing step: [processIncrementalChangesStep]
2026-08-12T21:42:09.482+09:00  INFO 29085 --- [game-history-lab] [           main] o.s.batch.core.step.AbstractStep         : Step: [processIncrementalChangesStep] executed in 89ms
2026-08-12T21:42:09.530+09:00  INFO 29085 --- [game-history-lab] [           main] o.s.batch.core.step.AbstractStep         : Executing step: [advanceIncrementalCheckpointStep]
2026-08-12T21:42:09.544+09:00  INFO 29085 --- [game-history-lab] [           main] o.s.batch.core.step.AbstractStep         : Step: [advanceIncrementalCheckpointStep] executed in 19ms
2026-08-12T21:42:09.594+09:00  INFO 29085 --- [game-history-lab] [           main] o.s.b.c.l.s.TaskExecutorJobLauncher      : Job: [SimpleJob: [name=incrementalGameHistoryReadModelJob]] completed with the following parameters: [{JobParameter{name='failAfterCount', value=0, type=class java.lang.Long, identifying=false},JobParameter{name='upperUpdatedAt', value=2026-08-12T00:36, type=class java.time.LocalDateTime, identifying=true},JobParameter{name='upperGameId', value=9223372036854775807, type=class java.lang.Long, identifying=true},JobParameter{name='lowerUpdatedAt', value=2026-08-12T00:30, type=class java.time.LocalDateTime, identifying=true},JobParameter{name='runId', value=stage4-c60-r36-20260812T124000Z, type=class java.lang.String, identifying=true},JobParameter{name='lowerGameId', value=0, type=class java.lang.Long, identifying=true}}] and the following status: [COMPLETED] in 207ms
STAGE4_STEP name=processIncrementalChangesStep status=COMPLETED read=0 write=0 commit=1 rollback=0
STAGE4_STEP name=advanceIncrementalCheckpointStep status=COMPLETED read=0 write=0 commit=1 rollback=0
STAGE4_JOB executionId=230 instanceId=226 status=COMPLETED lowerUpdatedAt=2026-08-12T00:30 lowerGameId=0 upperUpdatedAt=2026-08-12T00:36 durationMs=333
2026-08-12T21:42:09.603+09:00  INFO 29085 --- [game-history-lab] [ionShutdownHook] com.zaxxer.hikari.HikariDataSource       : HikariPool-1 - Shutdown initiated...
2026-08-12T21:42:09.610+09:00  INFO 29085 --- [game-history-lab] [ionShutdownHook] com.zaxxer.hikari.HikariDataSource       : HikariPool-1 - Shutdown completed.
tick_seconds=2220
apply_command=SET @elapsed_seconds=2220; scripts/sql/apply-stage4-workload.sql

  .   ____          _            __ _ _
 /\\ / ___'_ __ _ _(_)_ __  __ _ \ \ \ \
( ( )\___ | '_ | '_| | '_ \/ _` | \ \ \ \
 \\/  ___)| |_)| | | | | || (_| |  ) ) ) )
  '  |____| .__|_| |_|_| |_\__, | / / / /
 =========|_|==============|___/=/_/_/_/

 :: Spring Boot ::                (v4.1.0)

2026-08-12T21:42:10.952+09:00  INFO 29243 --- [game-history-lab] [           main] l.g.GameHistoryLabApplicationKt          : Starting GameHistoryLabApplicationKt v0.0.1-SNAPSHOT using Java 21.0.5 with PID 29243 (/Users/hongseungjun/이직/project/game-history-lab/build/libs/game-history-lab-0.0.1-SNAPSHOT.jar started by hongseungjun in /Users/hongseungjun/이직/project/game-history-lab)
2026-08-12T21:42:10.954+09:00  INFO 29243 --- [game-history-lab] [           main] l.g.GameHistoryLabApplicationKt          : No active profile set, falling back to 1 default profile: "default"
2026-08-12T21:42:11.884+09:00  INFO 29243 --- [game-history-lab] [           main] com.zaxxer.hikari.HikariDataSource       : HikariPool-1 - Starting...
2026-08-12T21:42:12.165+09:00  INFO 29243 --- [game-history-lab] [           main] com.zaxxer.hikari.pool.HikariPool        : HikariPool-1 - Added connection com.mysql.cj.jdbc.ConnectionImpl@c97721b
2026-08-12T21:42:12.166+09:00  INFO 29243 --- [game-history-lab] [           main] com.zaxxer.hikari.HikariDataSource       : HikariPool-1 - Start completed.
2026-08-12T21:42:12.319+09:00  WARN 29243 --- [game-history-lab] [           main] o.s.b.c.l.AbstractListenerFactoryBean    : org.springframework.batch.infrastructure.item.ItemProcessor is an interface. The implementing class will not be queried for annotation based listener configurations. If using @StepScope on a @Bean method, be sure to return the implementing class so listener annotations can be used.
2026-08-12T21:42:12.325+09:00  INFO 29243 --- [game-history-lab] [           main] o.s.b.c.step.item.ChunkOrientedTasklet   : DEPRECATION NOTE: The legacy implementation of the chunk-oriented processing model is deprecated as of Spring Batch 6.0 and will be removed in version 7.0.
2026-08-12T21:42:12.351+09:00  WARN 29243 --- [game-history-lab] [           main] o.s.b.c.l.AbstractListenerFactoryBean    : org.springframework.batch.infrastructure.item.ItemProcessor is an interface. The implementing class will not be queried for annotation based listener configurations. If using @StepScope on a @Bean method, be sure to return the implementing class so listener annotations can be used.
2026-08-12T21:42:12.351+09:00  INFO 29243 --- [game-history-lab] [           main] o.s.b.c.step.item.ChunkOrientedTasklet   : DEPRECATION NOTE: The legacy implementation of the chunk-oriented processing model is deprecated as of Spring Batch 6.0 and will be removed in version 7.0.
2026-08-12T21:42:12.477+09:00  INFO 29243 --- [game-history-lab] [           main] l.g.GameHistoryLabApplicationKt          : Started GameHistoryLabApplicationKt in 1.831 seconds (process running for 2.157)
2026-08-12T21:42:12.604+09:00  INFO 29243 --- [game-history-lab] [           main] o.s.b.c.l.s.TaskExecutorJobLauncher      : Job: [SimpleJob: [name=incrementalGameHistoryReadModelJob]] launched with the following parameters: [{JobParameter{name='failAfterCount', value=0, type=class java.lang.Long, identifying=false},JobParameter{name='upperUpdatedAt', value=2026-08-12T00:37, type=class java.time.LocalDateTime, identifying=true},JobParameter{name='upperGameId', value=9223372036854775807, type=class java.lang.Long, identifying=true},JobParameter{name='lowerUpdatedAt', value=2026-08-12T00:31, type=class java.time.LocalDateTime, identifying=true},JobParameter{name='runId', value=stage4-c60-r37-20260812T124000Z, type=class java.lang.String, identifying=true},JobParameter{name='lowerGameId', value=0, type=class java.lang.Long, identifying=true}}]
2026-08-12T21:42:12.685+09:00  INFO 29243 --- [game-history-lab] [           main] o.s.batch.core.step.AbstractStep         : Executing step: [processIncrementalChangesStep]
2026-08-12T21:42:12.762+09:00  INFO 29243 --- [game-history-lab] [           main] o.s.batch.core.step.AbstractStep         : Step: [processIncrementalChangesStep] executed in 84ms
2026-08-12T21:42:12.820+09:00  INFO 29243 --- [game-history-lab] [           main] o.s.batch.core.step.AbstractStep         : Executing step: [advanceIncrementalCheckpointStep]
2026-08-12T21:42:12.833+09:00  INFO 29243 --- [game-history-lab] [           main] o.s.batch.core.step.AbstractStep         : Step: [advanceIncrementalCheckpointStep] executed in 19ms
2026-08-12T21:42:12.864+09:00  INFO 29243 --- [game-history-lab] [           main] o.s.b.c.l.s.TaskExecutorJobLauncher      : Job: [SimpleJob: [name=incrementalGameHistoryReadModelJob]] completed with the following parameters: [{JobParameter{name='failAfterCount', value=0, type=class java.lang.Long, identifying=false},JobParameter{name='upperUpdatedAt', value=2026-08-12T00:37, type=class java.time.LocalDateTime, identifying=true},JobParameter{name='upperGameId', value=9223372036854775807, type=class java.lang.Long, identifying=true},JobParameter{name='lowerUpdatedAt', value=2026-08-12T00:31, type=class java.time.LocalDateTime, identifying=true},JobParameter{name='runId', value=stage4-c60-r37-20260812T124000Z, type=class java.lang.String, identifying=true},JobParameter{name='lowerGameId', value=0, type=class java.lang.Long, identifying=true}}] and the following status: [COMPLETED] in 205ms
STAGE4_STEP name=processIncrementalChangesStep status=COMPLETED read=1 write=1 commit=1 rollback=0
STAGE4_STEP name=advanceIncrementalCheckpointStep status=COMPLETED read=0 write=0 commit=1 rollback=0
STAGE4_JOB executionId=231 instanceId=227 status=COMPLETED lowerUpdatedAt=2026-08-12T00:31 lowerGameId=0 upperUpdatedAt=2026-08-12T00:37 durationMs=369
2026-08-12T21:42:12.872+09:00  INFO 29243 --- [game-history-lab] [ionShutdownHook] com.zaxxer.hikari.HikariDataSource       : HikariPool-1 - Shutdown initiated...
2026-08-12T21:42:12.877+09:00  INFO 29243 --- [game-history-lab] [ionShutdownHook] com.zaxxer.hikari.HikariDataSource       : HikariPool-1 - Shutdown completed.
tick_seconds=2280
apply_command=SET @elapsed_seconds=2280; scripts/sql/apply-stage4-workload.sql

  .   ____          _            __ _ _
 /\\ / ___'_ __ _ _(_)_ __  __ _ \ \ \ \
( ( )\___ | '_ | '_| | '_ \/ _` | \ \ \ \
 \\/  ___)| |_)| | | | | || (_| |  ) ) ) )
  '  |____| .__|_| |_|_| |_\__, | / / / /
 =========|_|==============|___/=/_/_/_/

 :: Spring Boot ::                (v4.1.0)

2026-08-12T21:42:14.148+09:00  INFO 29294 --- [game-history-lab] [           main] l.g.GameHistoryLabApplicationKt          : Starting GameHistoryLabApplicationKt v0.0.1-SNAPSHOT using Java 21.0.5 with PID 29294 (/Users/hongseungjun/이직/project/game-history-lab/build/libs/game-history-lab-0.0.1-SNAPSHOT.jar started by hongseungjun in /Users/hongseungjun/이직/project/game-history-lab)
2026-08-12T21:42:14.150+09:00  INFO 29294 --- [game-history-lab] [           main] l.g.GameHistoryLabApplicationKt          : No active profile set, falling back to 1 default profile: "default"
2026-08-12T21:42:15.029+09:00  INFO 29294 --- [game-history-lab] [           main] com.zaxxer.hikari.HikariDataSource       : HikariPool-1 - Starting...
2026-08-12T21:42:15.279+09:00  INFO 29294 --- [game-history-lab] [           main] com.zaxxer.hikari.pool.HikariPool        : HikariPool-1 - Added connection com.mysql.cj.jdbc.ConnectionImpl@2b79c8ff
2026-08-12T21:42:15.280+09:00  INFO 29294 --- [game-history-lab] [           main] com.zaxxer.hikari.HikariDataSource       : HikariPool-1 - Start completed.
2026-08-12T21:42:15.415+09:00  WARN 29294 --- [game-history-lab] [           main] o.s.b.c.l.AbstractListenerFactoryBean    : org.springframework.batch.infrastructure.item.ItemProcessor is an interface. The implementing class will not be queried for annotation based listener configurations. If using @StepScope on a @Bean method, be sure to return the implementing class so listener annotations can be used.
2026-08-12T21:42:15.421+09:00  INFO 29294 --- [game-history-lab] [           main] o.s.b.c.step.item.ChunkOrientedTasklet   : DEPRECATION NOTE: The legacy implementation of the chunk-oriented processing model is deprecated as of Spring Batch 6.0 and will be removed in version 7.0.
2026-08-12T21:42:15.443+09:00  WARN 29294 --- [game-history-lab] [           main] o.s.b.c.l.AbstractListenerFactoryBean    : org.springframework.batch.infrastructure.item.ItemProcessor is an interface. The implementing class will not be queried for annotation based listener configurations. If using @StepScope on a @Bean method, be sure to return the implementing class so listener annotations can be used.
2026-08-12T21:42:15.443+09:00  INFO 29294 --- [game-history-lab] [           main] o.s.b.c.step.item.ChunkOrientedTasklet   : DEPRECATION NOTE: The legacy implementation of the chunk-oriented processing model is deprecated as of Spring Batch 6.0 and will be removed in version 7.0.
2026-08-12T21:42:15.552+09:00  INFO 29294 --- [game-history-lab] [           main] l.g.GameHistoryLabApplicationKt          : Started GameHistoryLabApplicationKt in 1.708 seconds (process running for 1.997)
2026-08-12T21:42:15.638+09:00  INFO 29294 --- [game-history-lab] [           main] o.s.b.c.l.s.TaskExecutorJobLauncher      : Job: [SimpleJob: [name=incrementalGameHistoryReadModelJob]] launched with the following parameters: [{JobParameter{name='failAfterCount', value=0, type=class java.lang.Long, identifying=false},JobParameter{name='upperUpdatedAt', value=2026-08-12T00:38, type=class java.time.LocalDateTime, identifying=true},JobParameter{name='upperGameId', value=9223372036854775807, type=class java.lang.Long, identifying=true},JobParameter{name='lowerUpdatedAt', value=2026-08-12T00:32, type=class java.time.LocalDateTime, identifying=true},JobParameter{name='runId', value=stage4-c60-r38-20260812T124000Z, type=class java.lang.String, identifying=true},JobParameter{name='lowerGameId', value=0, type=class java.lang.Long, identifying=true}}]
2026-08-12T21:42:15.720+09:00  INFO 29294 --- [game-history-lab] [           main] o.s.batch.core.step.AbstractStep         : Executing step: [processIncrementalChangesStep]
2026-08-12T21:42:15.793+09:00  INFO 29294 --- [game-history-lab] [           main] o.s.batch.core.step.AbstractStep         : Step: [processIncrementalChangesStep] executed in 81ms
2026-08-12T21:42:15.845+09:00  INFO 29294 --- [game-history-lab] [           main] o.s.batch.core.step.AbstractStep         : Executing step: [advanceIncrementalCheckpointStep]
2026-08-12T21:42:15.859+09:00  INFO 29294 --- [game-history-lab] [           main] o.s.batch.core.step.AbstractStep         : Step: [advanceIncrementalCheckpointStep] executed in 19ms
2026-08-12T21:42:15.893+09:00  INFO 29294 --- [game-history-lab] [           main] o.s.b.c.l.s.TaskExecutorJobLauncher      : Job: [SimpleJob: [name=incrementalGameHistoryReadModelJob]] completed with the following parameters: [{JobParameter{name='failAfterCount', value=0, type=class java.lang.Long, identifying=false},JobParameter{name='upperUpdatedAt', value=2026-08-12T00:38, type=class java.time.LocalDateTime, identifying=true},JobParameter{name='upperGameId', value=9223372036854775807, type=class java.lang.Long, identifying=true},JobParameter{name='lowerUpdatedAt', value=2026-08-12T00:32, type=class java.time.LocalDateTime, identifying=true},JobParameter{name='runId', value=stage4-c60-r38-20260812T124000Z, type=class java.lang.String, identifying=true},JobParameter{name='lowerGameId', value=0, type=class java.lang.Long, identifying=true}}] and the following status: [COMPLETED] in 207ms
STAGE4_STEP name=processIncrementalChangesStep status=COMPLETED read=1 write=1 commit=1 rollback=0
STAGE4_STEP name=advanceIncrementalCheckpointStep status=COMPLETED read=0 write=0 commit=1 rollback=0
STAGE4_JOB executionId=232 instanceId=228 status=COMPLETED lowerUpdatedAt=2026-08-12T00:32 lowerGameId=0 upperUpdatedAt=2026-08-12T00:38 durationMs=326
2026-08-12T21:42:15.900+09:00  INFO 29294 --- [game-history-lab] [ionShutdownHook] com.zaxxer.hikari.HikariDataSource       : HikariPool-1 - Shutdown initiated...
2026-08-12T21:42:15.904+09:00  INFO 29294 --- [game-history-lab] [ionShutdownHook] com.zaxxer.hikari.HikariDataSource       : HikariPool-1 - Shutdown completed.
tick_seconds=2340
apply_command=SET @elapsed_seconds=2340; scripts/sql/apply-stage4-workload.sql

  .   ____          _            __ _ _
 /\\ / ___'_ __ _ _(_)_ __  __ _ \ \ \ \
( ( )\___ | '_ | '_| | '_ \/ _` | \ \ \ \
 \\/  ___)| |_)| | | | | || (_| |  ) ) ) )
  '  |____| .__|_| |_|_| |_\__, | / / / /
 =========|_|==============|___/=/_/_/_/

 :: Spring Boot ::                (v4.1.0)

2026-08-12T21:42:17.155+09:00  INFO 29342 --- [game-history-lab] [           main] l.g.GameHistoryLabApplicationKt          : Starting GameHistoryLabApplicationKt v0.0.1-SNAPSHOT using Java 21.0.5 with PID 29342 (/Users/hongseungjun/이직/project/game-history-lab/build/libs/game-history-lab-0.0.1-SNAPSHOT.jar started by hongseungjun in /Users/hongseungjun/이직/project/game-history-lab)
2026-08-12T21:42:17.157+09:00  INFO 29342 --- [game-history-lab] [           main] l.g.GameHistoryLabApplicationKt          : No active profile set, falling back to 1 default profile: "default"
2026-08-12T21:42:18.093+09:00  INFO 29342 --- [game-history-lab] [           main] com.zaxxer.hikari.HikariDataSource       : HikariPool-1 - Starting...
2026-08-12T21:42:18.351+09:00  INFO 29342 --- [game-history-lab] [           main] com.zaxxer.hikari.pool.HikariPool        : HikariPool-1 - Added connection com.mysql.cj.jdbc.ConnectionImpl@c97721b
2026-08-12T21:42:18.352+09:00  INFO 29342 --- [game-history-lab] [           main] com.zaxxer.hikari.HikariDataSource       : HikariPool-1 - Start completed.
2026-08-12T21:42:18.487+09:00  WARN 29342 --- [game-history-lab] [           main] o.s.b.c.l.AbstractListenerFactoryBean    : org.springframework.batch.infrastructure.item.ItemProcessor is an interface. The implementing class will not be queried for annotation based listener configurations. If using @StepScope on a @Bean method, be sure to return the implementing class so listener annotations can be used.
2026-08-12T21:42:18.492+09:00  INFO 29342 --- [game-history-lab] [           main] o.s.b.c.step.item.ChunkOrientedTasklet   : DEPRECATION NOTE: The legacy implementation of the chunk-oriented processing model is deprecated as of Spring Batch 6.0 and will be removed in version 7.0.
2026-08-12T21:42:18.514+09:00  WARN 29342 --- [game-history-lab] [           main] o.s.b.c.l.AbstractListenerFactoryBean    : org.springframework.batch.infrastructure.item.ItemProcessor is an interface. The implementing class will not be queried for annotation based listener configurations. If using @StepScope on a @Bean method, be sure to return the implementing class so listener annotations can be used.
2026-08-12T21:42:18.514+09:00  INFO 29342 --- [game-history-lab] [           main] o.s.b.c.step.item.ChunkOrientedTasklet   : DEPRECATION NOTE: The legacy implementation of the chunk-oriented processing model is deprecated as of Spring Batch 6.0 and will be removed in version 7.0.
2026-08-12T21:42:18.618+09:00  INFO 29342 --- [game-history-lab] [           main] l.g.GameHistoryLabApplicationKt          : Started GameHistoryLabApplicationKt in 1.746 seconds (process running for 2.035)
2026-08-12T21:42:18.702+09:00  INFO 29342 --- [game-history-lab] [           main] o.s.b.c.l.s.TaskExecutorJobLauncher      : Job: [SimpleJob: [name=incrementalGameHistoryReadModelJob]] launched with the following parameters: [{JobParameter{name='failAfterCount', value=0, type=class java.lang.Long, identifying=false},JobParameter{name='upperUpdatedAt', value=2026-08-12T00:39, type=class java.time.LocalDateTime, identifying=true},JobParameter{name='upperGameId', value=9223372036854775807, type=class java.lang.Long, identifying=true},JobParameter{name='lowerUpdatedAt', value=2026-08-12T00:33, type=class java.time.LocalDateTime, identifying=true},JobParameter{name='runId', value=stage4-c60-r39-20260812T124000Z, type=class java.lang.String, identifying=true},JobParameter{name='lowerGameId', value=0, type=class java.lang.Long, identifying=true}}]
2026-08-12T21:42:18.777+09:00  INFO 29342 --- [game-history-lab] [           main] o.s.batch.core.step.AbstractStep         : Executing step: [processIncrementalChangesStep]
2026-08-12T21:42:18.845+09:00  INFO 29342 --- [game-history-lab] [           main] o.s.batch.core.step.AbstractStep         : Step: [processIncrementalChangesStep] executed in 72ms
2026-08-12T21:42:18.898+09:00  INFO 29342 --- [game-history-lab] [           main] o.s.batch.core.step.AbstractStep         : Executing step: [advanceIncrementalCheckpointStep]
2026-08-12T21:42:18.915+09:00  INFO 29342 --- [game-history-lab] [           main] o.s.batch.core.step.AbstractStep         : Step: [advanceIncrementalCheckpointStep] executed in 23ms
2026-08-12T21:42:18.944+09:00  INFO 29342 --- [game-history-lab] [           main] o.s.b.c.l.s.TaskExecutorJobLauncher      : Job: [SimpleJob: [name=incrementalGameHistoryReadModelJob]] completed with the following parameters: [{JobParameter{name='failAfterCount', value=0, type=class java.lang.Long, identifying=false},JobParameter{name='upperUpdatedAt', value=2026-08-12T00:39, type=class java.time.LocalDateTime, identifying=true},JobParameter{name='upperGameId', value=9223372036854775807, type=class java.lang.Long, identifying=true},JobParameter{name='lowerUpdatedAt', value=2026-08-12T00:33, type=class java.time.LocalDateTime, identifying=true},JobParameter{name='runId', value=stage4-c60-r39-20260812T124000Z, type=class java.lang.String, identifying=true},JobParameter{name='lowerGameId', value=0, type=class java.lang.Long, identifying=true}}] and the following status: [COMPLETED] in 197ms
STAGE4_STEP name=processIncrementalChangesStep status=COMPLETED read=1 write=1 commit=1 rollback=0
STAGE4_STEP name=advanceIncrementalCheckpointStep status=COMPLETED read=0 write=0 commit=1 rollback=0
STAGE4_JOB executionId=233 instanceId=229 status=COMPLETED lowerUpdatedAt=2026-08-12T00:33 lowerGameId=0 upperUpdatedAt=2026-08-12T00:39 durationMs=311
2026-08-12T21:42:18.951+09:00  INFO 29342 --- [game-history-lab] [ionShutdownHook] com.zaxxer.hikari.HikariDataSource       : HikariPool-1 - Shutdown initiated...
2026-08-12T21:42:18.955+09:00  INFO 29342 --- [game-history-lab] [ionShutdownHook] com.zaxxer.hikari.HikariDataSource       : HikariPool-1 - Shutdown completed.
tick_seconds=2400
apply_command=SET @elapsed_seconds=2400; scripts/sql/apply-stage4-workload.sql

  .   ____          _            __ _ _
 /\\ / ___'_ __ _ _(_)_ __  __ _ \ \ \ \
( ( )\___ | '_ | '_| | '_ \/ _` | \ \ \ \
 \\/  ___)| |_)| | | | | || (_| |  ) ) ) )
  '  |____| .__|_| |_|_| |_\__, | / / / /
 =========|_|==============|___/=/_/_/_/

 :: Spring Boot ::                (v4.1.0)

2026-08-12T21:42:20.274+09:00  INFO 29391 --- [game-history-lab] [           main] l.g.GameHistoryLabApplicationKt          : Starting GameHistoryLabApplicationKt v0.0.1-SNAPSHOT using Java 21.0.5 with PID 29391 (/Users/hongseungjun/이직/project/game-history-lab/build/libs/game-history-lab-0.0.1-SNAPSHOT.jar started by hongseungjun in /Users/hongseungjun/이직/project/game-history-lab)
2026-08-12T21:42:20.277+09:00  INFO 29391 --- [game-history-lab] [           main] l.g.GameHistoryLabApplicationKt          : No active profile set, falling back to 1 default profile: "default"
2026-08-12T21:42:21.178+09:00  INFO 29391 --- [game-history-lab] [           main] com.zaxxer.hikari.HikariDataSource       : HikariPool-1 - Starting...
2026-08-12T21:42:21.440+09:00  INFO 29391 --- [game-history-lab] [           main] com.zaxxer.hikari.pool.HikariPool        : HikariPool-1 - Added connection com.mysql.cj.jdbc.ConnectionImpl@2b79c8ff
2026-08-12T21:42:21.441+09:00  INFO 29391 --- [game-history-lab] [           main] com.zaxxer.hikari.HikariDataSource       : HikariPool-1 - Start completed.
2026-08-12T21:42:21.590+09:00  WARN 29391 --- [game-history-lab] [           main] o.s.b.c.l.AbstractListenerFactoryBean    : org.springframework.batch.infrastructure.item.ItemProcessor is an interface. The implementing class will not be queried for annotation based listener configurations. If using @StepScope on a @Bean method, be sure to return the implementing class so listener annotations can be used.
2026-08-12T21:42:21.597+09:00  INFO 29391 --- [game-history-lab] [           main] o.s.b.c.step.item.ChunkOrientedTasklet   : DEPRECATION NOTE: The legacy implementation of the chunk-oriented processing model is deprecated as of Spring Batch 6.0 and will be removed in version 7.0.
2026-08-12T21:42:21.621+09:00  WARN 29391 --- [game-history-lab] [           main] o.s.b.c.l.AbstractListenerFactoryBean    : org.springframework.batch.infrastructure.item.ItemProcessor is an interface. The implementing class will not be queried for annotation based listener configurations. If using @StepScope on a @Bean method, be sure to return the implementing class so listener annotations can be used.
2026-08-12T21:42:21.621+09:00  INFO 29391 --- [game-history-lab] [           main] o.s.b.c.step.item.ChunkOrientedTasklet   : DEPRECATION NOTE: The legacy implementation of the chunk-oriented processing model is deprecated as of Spring Batch 6.0 and will be removed in version 7.0.
2026-08-12T21:42:21.721+09:00  INFO 29391 --- [game-history-lab] [           main] l.g.GameHistoryLabApplicationKt          : Started GameHistoryLabApplicationKt in 1.783 seconds (process running for 2.094)
2026-08-12T21:42:21.807+09:00  INFO 29391 --- [game-history-lab] [           main] o.s.b.c.l.s.TaskExecutorJobLauncher      : Job: [SimpleJob: [name=incrementalGameHistoryReadModelJob]] launched with the following parameters: [{JobParameter{name='failAfterCount', value=0, type=class java.lang.Long, identifying=false},JobParameter{name='upperUpdatedAt', value=2026-08-12T00:40, type=class java.time.LocalDateTime, identifying=true},JobParameter{name='upperGameId', value=9223372036854775807, type=class java.lang.Long, identifying=true},JobParameter{name='lowerUpdatedAt', value=2026-08-12T00:34, type=class java.time.LocalDateTime, identifying=true},JobParameter{name='runId', value=stage4-c60-r40-20260812T124000Z, type=class java.lang.String, identifying=true},JobParameter{name='lowerGameId', value=0, type=class java.lang.Long, identifying=true}}]
2026-08-12T21:42:21.882+09:00  INFO 29391 --- [game-history-lab] [           main] o.s.batch.core.step.AbstractStep         : Executing step: [processIncrementalChangesStep]
2026-08-12T21:42:21.950+09:00  INFO 29391 --- [game-history-lab] [           main] o.s.batch.core.step.AbstractStep         : Step: [processIncrementalChangesStep] executed in 75ms
2026-08-12T21:42:21.992+09:00  INFO 29391 --- [game-history-lab] [           main] o.s.batch.core.step.AbstractStep         : Executing step: [advanceIncrementalCheckpointStep]
2026-08-12T21:42:22.003+09:00  INFO 29391 --- [game-history-lab] [           main] o.s.batch.core.step.AbstractStep         : Step: [advanceIncrementalCheckpointStep] executed in 14ms
2026-08-12T21:42:22.030+09:00  INFO 29391 --- [game-history-lab] [           main] o.s.b.c.l.s.TaskExecutorJobLauncher      : Job: [SimpleJob: [name=incrementalGameHistoryReadModelJob]] completed with the following parameters: [{JobParameter{name='failAfterCount', value=0, type=class java.lang.Long, identifying=false},JobParameter{name='upperUpdatedAt', value=2026-08-12T00:40, type=class java.time.LocalDateTime, identifying=true},JobParameter{name='upperGameId', value=9223372036854775807, type=class java.lang.Long, identifying=true},JobParameter{name='lowerUpdatedAt', value=2026-08-12T00:34, type=class java.time.LocalDateTime, identifying=true},JobParameter{name='runId', value=stage4-c60-r40-20260812T124000Z, type=class java.lang.String, identifying=true},JobParameter{name='lowerGameId', value=0, type=class java.lang.Long, identifying=true}}] and the following status: [COMPLETED] in 174ms
STAGE4_STEP name=processIncrementalChangesStep status=COMPLETED read=1 write=1 commit=1 rollback=0
STAGE4_STEP name=advanceIncrementalCheckpointStep status=COMPLETED read=0 write=0 commit=1 rollback=0
STAGE4_JOB executionId=234 instanceId=230 status=COMPLETED lowerUpdatedAt=2026-08-12T00:34 lowerGameId=0 upperUpdatedAt=2026-08-12T00:40 durationMs=294
2026-08-12T21:42:22.036+09:00  INFO 29391 --- [game-history-lab] [ionShutdownHook] com.zaxxer.hikari.HikariDataSource       : HikariPool-1 - Shutdown initiated...
2026-08-12T21:42:22.039+09:00  INFO 29391 --- [game-history-lab] [ionShutdownHook] com.zaxxer.hikari.HikariDataSource       : HikariPool-1 - Shutdown completed.
tick_seconds=2460
apply_command=SET @elapsed_seconds=2460; scripts/sql/apply-stage4-workload.sql

  .   ____          _            __ _ _
 /\\ / ___'_ __ _ _(_)_ __  __ _ \ \ \ \
( ( )\___ | '_ | '_| | '_ \/ _` | \ \ \ \
 \\/  ___)| |_)| | | | | || (_| |  ) ) ) )
  '  |____| .__|_| |_|_| |_\__, | / / / /
 =========|_|==============|___/=/_/_/_/

 :: Spring Boot ::                (v4.1.0)

2026-08-12T21:42:23.279+09:00  INFO 29549 --- [game-history-lab] [           main] l.g.GameHistoryLabApplicationKt          : Starting GameHistoryLabApplicationKt v0.0.1-SNAPSHOT using Java 21.0.5 with PID 29549 (/Users/hongseungjun/이직/project/game-history-lab/build/libs/game-history-lab-0.0.1-SNAPSHOT.jar started by hongseungjun in /Users/hongseungjun/이직/project/game-history-lab)
2026-08-12T21:42:23.282+09:00  INFO 29549 --- [game-history-lab] [           main] l.g.GameHistoryLabApplicationKt          : No active profile set, falling back to 1 default profile: "default"
2026-08-12T21:42:24.299+09:00  INFO 29549 --- [game-history-lab] [           main] com.zaxxer.hikari.HikariDataSource       : HikariPool-1 - Starting...
2026-08-12T21:42:24.586+09:00  INFO 29549 --- [game-history-lab] [           main] com.zaxxer.hikari.pool.HikariPool        : HikariPool-1 - Added connection com.mysql.cj.jdbc.ConnectionImpl@c97721b
2026-08-12T21:42:24.587+09:00  INFO 29549 --- [game-history-lab] [           main] com.zaxxer.hikari.HikariDataSource       : HikariPool-1 - Start completed.
2026-08-12T21:42:24.735+09:00  WARN 29549 --- [game-history-lab] [           main] o.s.b.c.l.AbstractListenerFactoryBean    : org.springframework.batch.infrastructure.item.ItemProcessor is an interface. The implementing class will not be queried for annotation based listener configurations. If using @StepScope on a @Bean method, be sure to return the implementing class so listener annotations can be used.
2026-08-12T21:42:24.742+09:00  INFO 29549 --- [game-history-lab] [           main] o.s.b.c.step.item.ChunkOrientedTasklet   : DEPRECATION NOTE: The legacy implementation of the chunk-oriented processing model is deprecated as of Spring Batch 6.0 and will be removed in version 7.0.
2026-08-12T21:42:24.765+09:00  WARN 29549 --- [game-history-lab] [           main] o.s.b.c.l.AbstractListenerFactoryBean    : org.springframework.batch.infrastructure.item.ItemProcessor is an interface. The implementing class will not be queried for annotation based listener configurations. If using @StepScope on a @Bean method, be sure to return the implementing class so listener annotations can be used.
2026-08-12T21:42:24.765+09:00  INFO 29549 --- [game-history-lab] [           main] o.s.b.c.step.item.ChunkOrientedTasklet   : DEPRECATION NOTE: The legacy implementation of the chunk-oriented processing model is deprecated as of Spring Batch 6.0 and will be removed in version 7.0.
2026-08-12T21:42:24.885+09:00  INFO 29549 --- [game-history-lab] [           main] l.g.GameHistoryLabApplicationKt          : Started GameHistoryLabApplicationKt in 1.908 seconds (process running for 2.207)
2026-08-12T21:42:24.979+09:00  INFO 29549 --- [game-history-lab] [           main] o.s.b.c.l.s.TaskExecutorJobLauncher      : Job: [SimpleJob: [name=incrementalGameHistoryReadModelJob]] launched with the following parameters: [{JobParameter{name='failAfterCount', value=0, type=class java.lang.Long, identifying=false},JobParameter{name='upperUpdatedAt', value=2026-08-12T00:41, type=class java.time.LocalDateTime, identifying=true},JobParameter{name='upperGameId', value=9223372036854775807, type=class java.lang.Long, identifying=true},JobParameter{name='lowerUpdatedAt', value=2026-08-12T00:35, type=class java.time.LocalDateTime, identifying=true},JobParameter{name='runId', value=stage4-c60-r41-20260812T124000Z, type=class java.lang.String, identifying=true},JobParameter{name='lowerGameId', value=0, type=class java.lang.Long, identifying=true}}]
2026-08-12T21:42:25.063+09:00  INFO 29549 --- [game-history-lab] [           main] o.s.batch.core.step.AbstractStep         : Executing step: [processIncrementalChangesStep]
2026-08-12T21:42:25.132+09:00  INFO 29549 --- [game-history-lab] [           main] o.s.batch.core.step.AbstractStep         : Step: [processIncrementalChangesStep] executed in 74ms
2026-08-12T21:42:25.191+09:00  INFO 29549 --- [game-history-lab] [           main] o.s.batch.core.step.AbstractStep         : Executing step: [advanceIncrementalCheckpointStep]
2026-08-12T21:42:25.206+09:00  INFO 29549 --- [game-history-lab] [           main] o.s.batch.core.step.AbstractStep         : Step: [advanceIncrementalCheckpointStep] executed in 22ms
2026-08-12T21:42:25.243+09:00  INFO 29549 --- [game-history-lab] [           main] o.s.b.c.l.s.TaskExecutorJobLauncher      : Job: [SimpleJob: [name=incrementalGameHistoryReadModelJob]] completed with the following parameters: [{JobParameter{name='failAfterCount', value=0, type=class java.lang.Long, identifying=false},JobParameter{name='upperUpdatedAt', value=2026-08-12T00:41, type=class java.time.LocalDateTime, identifying=true},JobParameter{name='upperGameId', value=9223372036854775807, type=class java.lang.Long, identifying=true},JobParameter{name='lowerUpdatedAt', value=2026-08-12T00:35, type=class java.time.LocalDateTime, identifying=true},JobParameter{name='runId', value=stage4-c60-r41-20260812T124000Z, type=class java.lang.String, identifying=true},JobParameter{name='lowerGameId', value=0, type=class java.lang.Long, identifying=true}}] and the following status: [COMPLETED] in 210ms
STAGE4_STEP name=processIncrementalChangesStep status=COMPLETED read=1 write=1 commit=1 rollback=0
STAGE4_STEP name=advanceIncrementalCheckpointStep status=COMPLETED read=0 write=0 commit=1 rollback=0
STAGE4_JOB executionId=235 instanceId=231 status=COMPLETED lowerUpdatedAt=2026-08-12T00:35 lowerGameId=0 upperUpdatedAt=2026-08-12T00:41 durationMs=342
2026-08-12T21:42:25.251+09:00  INFO 29549 --- [game-history-lab] [ionShutdownHook] com.zaxxer.hikari.HikariDataSource       : HikariPool-1 - Shutdown initiated...
2026-08-12T21:42:25.254+09:00  INFO 29549 --- [game-history-lab] [ionShutdownHook] com.zaxxer.hikari.HikariDataSource       : HikariPool-1 - Shutdown completed.
tick_seconds=2520
apply_command=SET @elapsed_seconds=2520; scripts/sql/apply-stage4-workload.sql

  .   ____          _            __ _ _
 /\\ / ___'_ __ _ _(_)_ __  __ _ \ \ \ \
( ( )\___ | '_ | '_| | '_ \/ _` | \ \ \ \
 \\/  ___)| |_)| | | | | || (_| |  ) ) ) )
  '  |____| .__|_| |_|_| |_\__, | / / / /
 =========|_|==============|___/=/_/_/_/

 :: Spring Boot ::                (v4.1.0)

2026-08-12T21:43:26.830+09:00  INFO 29600 --- [game-history-lab] [           main] l.g.GameHistoryLabApplicationKt          : Starting GameHistoryLabApplicationKt v0.0.1-SNAPSHOT using Java 21.0.5 with PID 29600 (/Users/hongseungjun/이직/project/game-history-lab/build/libs/game-history-lab-0.0.1-SNAPSHOT.jar started by hongseungjun in /Users/hongseungjun/이직/project/game-history-lab)
2026-08-12T21:43:26.832+09:00  INFO 29600 --- [game-history-lab] [           main] l.g.GameHistoryLabApplicationKt          : No active profile set, falling back to 1 default profile: "default"
2026-08-12T21:43:27.724+09:00  INFO 29600 --- [game-history-lab] [           main] com.zaxxer.hikari.HikariDataSource       : HikariPool-1 - Starting...
2026-08-12T21:43:27.952+09:00  INFO 29600 --- [game-history-lab] [           main] com.zaxxer.hikari.pool.HikariPool        : HikariPool-1 - Added connection com.mysql.cj.jdbc.ConnectionImpl@c97721b
2026-08-12T21:43:27.953+09:00  INFO 29600 --- [game-history-lab] [           main] com.zaxxer.hikari.HikariDataSource       : HikariPool-1 - Start completed.
2026-08-12T21:43:28.068+09:00  WARN 29600 --- [game-history-lab] [           main] o.s.b.c.l.AbstractListenerFactoryBean    : org.springframework.batch.infrastructure.item.ItemProcessor is an interface. The implementing class will not be queried for annotation based listener configurations. If using @StepScope on a @Bean method, be sure to return the implementing class so listener annotations can be used.
2026-08-12T21:43:28.073+09:00  INFO 29600 --- [game-history-lab] [           main] o.s.b.c.step.item.ChunkOrientedTasklet   : DEPRECATION NOTE: The legacy implementation of the chunk-oriented processing model is deprecated as of Spring Batch 6.0 and will be removed in version 7.0.
2026-08-12T21:43:28.092+09:00  WARN 29600 --- [game-history-lab] [           main] o.s.b.c.l.AbstractListenerFactoryBean    : org.springframework.batch.infrastructure.item.ItemProcessor is an interface. The implementing class will not be queried for annotation based listener configurations. If using @StepScope on a @Bean method, be sure to return the implementing class so listener annotations can be used.
2026-08-12T21:43:28.092+09:00  INFO 29600 --- [game-history-lab] [           main] o.s.b.c.step.item.ChunkOrientedTasklet   : DEPRECATION NOTE: The legacy implementation of the chunk-oriented processing model is deprecated as of Spring Batch 6.0 and will be removed in version 7.0.
2026-08-12T21:43:28.175+09:00  INFO 29600 --- [game-history-lab] [           main] l.g.GameHistoryLabApplicationKt          : Started GameHistoryLabApplicationKt in 1.631 seconds (process running for 2.064)
2026-08-12T21:43:28.251+09:00  INFO 29600 --- [game-history-lab] [           main] o.s.b.c.l.s.TaskExecutorJobLauncher      : Job: [SimpleJob: [name=incrementalGameHistoryReadModelJob]] launched with the following parameters: [{JobParameter{name='failAfterCount', value=0, type=class java.lang.Long, identifying=false},JobParameter{name='upperUpdatedAt', value=2026-08-12T00:42, type=class java.time.LocalDateTime, identifying=true},JobParameter{name='upperGameId', value=9223372036854775807, type=class java.lang.Long, identifying=true},JobParameter{name='lowerUpdatedAt', value=2026-08-12T00:36, type=class java.time.LocalDateTime, identifying=true},JobParameter{name='runId', value=stage4-c60-r42-20260812T124000Z, type=class java.lang.String, identifying=true},JobParameter{name='lowerGameId', value=0, type=class java.lang.Long, identifying=true}}]
2026-08-12T21:43:28.315+09:00  INFO 29600 --- [game-history-lab] [           main] o.s.batch.core.step.AbstractStep         : Executing step: [processIncrementalChangesStep]
2026-08-12T21:43:28.378+09:00  INFO 29600 --- [game-history-lab] [           main] o.s.batch.core.step.AbstractStep         : Step: [processIncrementalChangesStep] executed in 67ms
2026-08-12T21:43:28.419+09:00  INFO 29600 --- [game-history-lab] [           main] o.s.batch.core.step.AbstractStep         : Executing step: [advanceIncrementalCheckpointStep]
2026-08-12T21:43:28.431+09:00  INFO 29600 --- [game-history-lab] [           main] o.s.batch.core.step.AbstractStep         : Step: [advanceIncrementalCheckpointStep] executed in 17ms
2026-08-12T21:43:28.456+09:00  INFO 29600 --- [game-history-lab] [           main] o.s.b.c.l.s.TaskExecutorJobLauncher      : Job: [SimpleJob: [name=incrementalGameHistoryReadModelJob]] completed with the following parameters: [{JobParameter{name='failAfterCount', value=0, type=class java.lang.Long, identifying=false},JobParameter{name='upperUpdatedAt', value=2026-08-12T00:42, type=class java.time.LocalDateTime, identifying=true},JobParameter{name='upperGameId', value=9223372036854775807, type=class java.lang.Long, identifying=true},JobParameter{name='lowerUpdatedAt', value=2026-08-12T00:36, type=class java.time.LocalDateTime, identifying=true},JobParameter{name='runId', value=stage4-c60-r42-20260812T124000Z, type=class java.lang.String, identifying=true},JobParameter{name='lowerGameId', value=0, type=class java.lang.Long, identifying=true}}] and the following status: [COMPLETED] in 166ms
STAGE4_STEP name=processIncrementalChangesStep status=COMPLETED read=1 write=1 commit=1 rollback=0
STAGE4_STEP name=advanceIncrementalCheckpointStep status=COMPLETED read=0 write=0 commit=1 rollback=0
STAGE4_JOB executionId=236 instanceId=232 status=COMPLETED lowerUpdatedAt=2026-08-12T00:36 lowerGameId=0 upperUpdatedAt=2026-08-12T00:42 durationMs=268
2026-08-12T21:43:28.465+09:00  INFO 29600 --- [game-history-lab] [ionShutdownHook] com.zaxxer.hikari.HikariDataSource       : HikariPool-1 - Shutdown initiated...
2026-08-12T21:43:28.526+09:00  INFO 29600 --- [game-history-lab] [ionShutdownHook] com.zaxxer.hikari.HikariDataSource       : HikariPool-1 - Shutdown completed.
tick_seconds=2580
apply_command=SET @elapsed_seconds=2580; scripts/sql/apply-stage4-workload.sql

  .   ____          _            __ _ _
 /\\ / ___'_ __ _ _(_)_ __  __ _ \ \ \ \
( ( )\___ | '_ | '_| | '_ \/ _` | \ \ \ \
 \\/  ___)| |_)| | | | | || (_| |  ) ) ) )
  '  |____| .__|_| |_|_| |_\__, | / / / /
 =========|_|==============|___/=/_/_/_/

 :: Spring Boot ::                (v4.1.0)

2026-08-12T21:43:29.721+09:00  INFO 29651 --- [game-history-lab] [           main] l.g.GameHistoryLabApplicationKt          : Starting GameHistoryLabApplicationKt v0.0.1-SNAPSHOT using Java 21.0.5 with PID 29651 (/Users/hongseungjun/이직/project/game-history-lab/build/libs/game-history-lab-0.0.1-SNAPSHOT.jar started by hongseungjun in /Users/hongseungjun/이직/project/game-history-lab)
2026-08-12T21:43:29.722+09:00  INFO 29651 --- [game-history-lab] [           main] l.g.GameHistoryLabApplicationKt          : No active profile set, falling back to 1 default profile: "default"
2026-08-12T21:43:30.355+09:00  INFO 29651 --- [game-history-lab] [           main] com.zaxxer.hikari.HikariDataSource       : HikariPool-1 - Starting...
2026-08-12T21:43:30.551+09:00  INFO 29651 --- [game-history-lab] [           main] com.zaxxer.hikari.pool.HikariPool        : HikariPool-1 - Added connection com.mysql.cj.jdbc.ConnectionImpl@c97721b
2026-08-12T21:43:30.552+09:00  INFO 29651 --- [game-history-lab] [           main] com.zaxxer.hikari.HikariDataSource       : HikariPool-1 - Start completed.
2026-08-12T21:43:30.654+09:00  WARN 29651 --- [game-history-lab] [           main] o.s.b.c.l.AbstractListenerFactoryBean    : org.springframework.batch.infrastructure.item.ItemProcessor is an interface. The implementing class will not be queried for annotation based listener configurations. If using @StepScope on a @Bean method, be sure to return the implementing class so listener annotations can be used.
2026-08-12T21:43:30.658+09:00  INFO 29651 --- [game-history-lab] [           main] o.s.b.c.step.item.ChunkOrientedTasklet   : DEPRECATION NOTE: The legacy implementation of the chunk-oriented processing model is deprecated as of Spring Batch 6.0 and will be removed in version 7.0.
2026-08-12T21:43:30.676+09:00  WARN 29651 --- [game-history-lab] [           main] o.s.b.c.l.AbstractListenerFactoryBean    : org.springframework.batch.infrastructure.item.ItemProcessor is an interface. The implementing class will not be queried for annotation based listener configurations. If using @StepScope on a @Bean method, be sure to return the implementing class so listener annotations can be used.
2026-08-12T21:43:30.676+09:00  INFO 29651 --- [game-history-lab] [           main] o.s.b.c.step.item.ChunkOrientedTasklet   : DEPRECATION NOTE: The legacy implementation of the chunk-oriented processing model is deprecated as of Spring Batch 6.0 and will be removed in version 7.0.
2026-08-12T21:43:30.754+09:00  INFO 29651 --- [game-history-lab] [           main] l.g.GameHistoryLabApplicationKt          : Started GameHistoryLabApplicationKt in 1.271 seconds (process running for 1.561)
2026-08-12T21:43:30.818+09:00  INFO 29651 --- [game-history-lab] [           main] o.s.b.c.l.s.TaskExecutorJobLauncher      : Job: [SimpleJob: [name=incrementalGameHistoryReadModelJob]] launched with the following parameters: [{JobParameter{name='failAfterCount', value=0, type=class java.lang.Long, identifying=false},JobParameter{name='upperUpdatedAt', value=2026-08-12T00:43, type=class java.time.LocalDateTime, identifying=true},JobParameter{name='upperGameId', value=9223372036854775807, type=class java.lang.Long, identifying=true},JobParameter{name='lowerUpdatedAt', value=2026-08-12T00:37, type=class java.time.LocalDateTime, identifying=true},JobParameter{name='runId', value=stage4-c60-r43-20260812T124000Z, type=class java.lang.String, identifying=true},JobParameter{name='lowerGameId', value=0, type=class java.lang.Long, identifying=true}}]
2026-08-12T21:43:30.880+09:00  INFO 29651 --- [game-history-lab] [           main] o.s.batch.core.step.AbstractStep         : Executing step: [processIncrementalChangesStep]
2026-08-12T21:43:30.938+09:00  INFO 29651 --- [game-history-lab] [           main] o.s.batch.core.step.AbstractStep         : Step: [processIncrementalChangesStep] executed in 63ms
2026-08-12T21:43:30.977+09:00  INFO 29651 --- [game-history-lab] [           main] o.s.batch.core.step.AbstractStep         : Executing step: [advanceIncrementalCheckpointStep]
2026-08-12T21:43:30.990+09:00  INFO 29651 --- [game-history-lab] [           main] o.s.batch.core.step.AbstractStep         : Step: [advanceIncrementalCheckpointStep] executed in 18ms
2026-08-12T21:43:31.016+09:00  INFO 29651 --- [game-history-lab] [           main] o.s.b.c.l.s.TaskExecutorJobLauncher      : Job: [SimpleJob: [name=incrementalGameHistoryReadModelJob]] completed with the following parameters: [{JobParameter{name='failAfterCount', value=0, type=class java.lang.Long, identifying=false},JobParameter{name='upperUpdatedAt', value=2026-08-12T00:43, type=class java.time.LocalDateTime, identifying=true},JobParameter{name='upperGameId', value=9223372036854775807, type=class java.lang.Long, identifying=true},JobParameter{name='lowerUpdatedAt', value=2026-08-12T00:37, type=class java.time.LocalDateTime, identifying=true},JobParameter{name='runId', value=stage4-c60-r43-20260812T124000Z, type=class java.lang.String, identifying=true},JobParameter{name='lowerGameId', value=0, type=class java.lang.Long, identifying=true}}] and the following status: [COMPLETED] in 158ms
STAGE4_STEP name=processIncrementalChangesStep status=COMPLETED read=0 write=0 commit=1 rollback=0
STAGE4_STEP name=advanceIncrementalCheckpointStep status=COMPLETED read=0 write=0 commit=1 rollback=0
STAGE4_JOB executionId=237 instanceId=233 status=COMPLETED lowerUpdatedAt=2026-08-12T00:37 lowerGameId=0 upperUpdatedAt=2026-08-12T00:43 durationMs=250
2026-08-12T21:43:31.022+09:00  INFO 29651 --- [game-history-lab] [ionShutdownHook] com.zaxxer.hikari.HikariDataSource       : HikariPool-1 - Shutdown initiated...
2026-08-12T21:43:31.068+09:00  INFO 29651 --- [game-history-lab] [ionShutdownHook] com.zaxxer.hikari.HikariDataSource       : HikariPool-1 - Shutdown completed.
tick_seconds=2640
apply_command=SET @elapsed_seconds=2640; scripts/sql/apply-stage4-workload.sql

  .   ____          _            __ _ _
 /\\ / ___'_ __ _ _(_)_ __  __ _ \ \ \ \
( ( )\___ | '_ | '_| | '_ \/ _` | \ \ \ \
 \\/  ___)| |_)| | | | | || (_| |  ) ) ) )
  '  |____| .__|_| |_|_| |_\__, | / / / /
 =========|_|==============|___/=/_/_/_/

 :: Spring Boot ::                (v4.1.0)

2026-08-12T21:43:32.224+09:00  INFO 29804 --- [game-history-lab] [           main] l.g.GameHistoryLabApplicationKt          : Starting GameHistoryLabApplicationKt v0.0.1-SNAPSHOT using Java 21.0.5 with PID 29804 (/Users/hongseungjun/이직/project/game-history-lab/build/libs/game-history-lab-0.0.1-SNAPSHOT.jar started by hongseungjun in /Users/hongseungjun/이직/project/game-history-lab)
2026-08-12T21:43:32.226+09:00  INFO 29804 --- [game-history-lab] [           main] l.g.GameHistoryLabApplicationKt          : No active profile set, falling back to 1 default profile: "default"
2026-08-12T21:43:32.966+09:00  INFO 29804 --- [game-history-lab] [           main] com.zaxxer.hikari.HikariDataSource       : HikariPool-1 - Starting...
2026-08-12T21:43:33.197+09:00  INFO 29804 --- [game-history-lab] [           main] com.zaxxer.hikari.pool.HikariPool        : HikariPool-1 - Added connection com.mysql.cj.jdbc.ConnectionImpl@c97721b
2026-08-12T21:43:33.198+09:00  INFO 29804 --- [game-history-lab] [           main] com.zaxxer.hikari.HikariDataSource       : HikariPool-1 - Start completed.
2026-08-12T21:43:33.311+09:00  WARN 29804 --- [game-history-lab] [           main] o.s.b.c.l.AbstractListenerFactoryBean    : org.springframework.batch.infrastructure.item.ItemProcessor is an interface. The implementing class will not be queried for annotation based listener configurations. If using @StepScope on a @Bean method, be sure to return the implementing class so listener annotations can be used.
2026-08-12T21:43:33.315+09:00  INFO 29804 --- [game-history-lab] [           main] o.s.b.c.step.item.ChunkOrientedTasklet   : DEPRECATION NOTE: The legacy implementation of the chunk-oriented processing model is deprecated as of Spring Batch 6.0 and will be removed in version 7.0.
2026-08-12T21:43:33.335+09:00  WARN 29804 --- [game-history-lab] [           main] o.s.b.c.l.AbstractListenerFactoryBean    : org.springframework.batch.infrastructure.item.ItemProcessor is an interface. The implementing class will not be queried for annotation based listener configurations. If using @StepScope on a @Bean method, be sure to return the implementing class so listener annotations can be used.
2026-08-12T21:43:33.336+09:00  INFO 29804 --- [game-history-lab] [           main] o.s.b.c.step.item.ChunkOrientedTasklet   : DEPRECATION NOTE: The legacy implementation of the chunk-oriented processing model is deprecated as of Spring Batch 6.0 and will be removed in version 7.0.
2026-08-12T21:43:33.549+09:00  INFO 29804 --- [game-history-lab] [           main] l.g.GameHistoryLabApplicationKt          : Started GameHistoryLabApplicationKt in 1.554 seconds (process running for 1.832)
2026-08-12T21:43:33.796+09:00  INFO 29804 --- [game-history-lab] [           main] o.s.b.c.l.s.TaskExecutorJobLauncher      : Job: [SimpleJob: [name=incrementalGameHistoryReadModelJob]] launched with the following parameters: [{JobParameter{name='failAfterCount', value=0, type=class java.lang.Long, identifying=false},JobParameter{name='upperUpdatedAt', value=2026-08-12T00:44, type=class java.time.LocalDateTime, identifying=true},JobParameter{name='upperGameId', value=9223372036854775807, type=class java.lang.Long, identifying=true},JobParameter{name='lowerUpdatedAt', value=2026-08-12T00:38, type=class java.time.LocalDateTime, identifying=true},JobParameter{name='runId', value=stage4-c60-r44-20260812T124000Z, type=class java.lang.String, identifying=true},JobParameter{name='lowerGameId', value=0, type=class java.lang.Long, identifying=true}}]
2026-08-12T21:43:34.034+09:00  INFO 29804 --- [game-history-lab] [           main] o.s.batch.core.step.AbstractStep         : Executing step: [processIncrementalChangesStep]
2026-08-12T21:43:34.218+09:00  INFO 29804 --- [game-history-lab] [           main] o.s.batch.core.step.AbstractStep         : Step: [processIncrementalChangesStep] executed in 208ms
2026-08-12T21:43:34.355+09:00  INFO 29804 --- [game-history-lab] [           main] o.s.batch.core.step.AbstractStep         : Executing step: [advanceIncrementalCheckpointStep]
2026-08-12T21:43:34.393+09:00  INFO 29804 --- [game-history-lab] [           main] o.s.batch.core.step.AbstractStep         : Step: [advanceIncrementalCheckpointStep] executed in 50ms
2026-08-12T21:43:34.477+09:00  INFO 29804 --- [game-history-lab] [           main] o.s.b.c.l.s.TaskExecutorJobLauncher      : Job: [SimpleJob: [name=incrementalGameHistoryReadModelJob]] completed with the following parameters: [{JobParameter{name='failAfterCount', value=0, type=class java.lang.Long, identifying=false},JobParameter{name='upperUpdatedAt', value=2026-08-12T00:44, type=class java.time.LocalDateTime, identifying=true},JobParameter{name='upperGameId', value=9223372036854775807, type=class java.lang.Long, identifying=true},JobParameter{name='lowerUpdatedAt', value=2026-08-12T00:38, type=class java.time.LocalDateTime, identifying=true},JobParameter{name='runId', value=stage4-c60-r44-20260812T124000Z, type=class java.lang.String, identifying=true},JobParameter{name='lowerGameId', value=0, type=class java.lang.Long, identifying=true}}] and the following status: [COMPLETED] in 551ms
STAGE4_STEP name=processIncrementalChangesStep status=COMPLETED read=0 write=0 commit=1 rollback=0
STAGE4_STEP name=advanceIncrementalCheckpointStep status=COMPLETED read=0 write=0 commit=1 rollback=0
STAGE4_JOB executionId=238 instanceId=234 status=COMPLETED lowerUpdatedAt=2026-08-12T00:38 lowerGameId=0 upperUpdatedAt=2026-08-12T00:44 durationMs=889
2026-08-12T21:43:34.499+09:00  INFO 29804 --- [game-history-lab] [ionShutdownHook] com.zaxxer.hikari.HikariDataSource       : HikariPool-1 - Shutdown initiated...
2026-08-12T21:43:34.508+09:00  INFO 29804 --- [game-history-lab] [ionShutdownHook] com.zaxxer.hikari.HikariDataSource       : HikariPool-1 - Shutdown completed.
tick_seconds=2700
apply_command=SET @elapsed_seconds=2700; scripts/sql/apply-stage4-workload.sql

  .   ____          _            __ _ _
 /\\ / ___'_ __ _ _(_)_ __  __ _ \ \ \ \
( ( )\___ | '_ | '_| | '_ \/ _` | \ \ \ \
 \\/  ___)| |_)| | | | | || (_| |  ) ) ) )
  '  |____| .__|_| |_|_| |_\__, | / / / /
 =========|_|==============|___/=/_/_/_/

 :: Spring Boot ::                (v4.1.0)

2026-08-12T21:43:36.992+09:00  INFO 29858 --- [game-history-lab] [           main] l.g.GameHistoryLabApplicationKt          : Starting GameHistoryLabApplicationKt v0.0.1-SNAPSHOT using Java 21.0.5 with PID 29858 (/Users/hongseungjun/이직/project/game-history-lab/build/libs/game-history-lab-0.0.1-SNAPSHOT.jar started by hongseungjun in /Users/hongseungjun/이직/project/game-history-lab)
2026-08-12T21:43:36.994+09:00  INFO 29858 --- [game-history-lab] [           main] l.g.GameHistoryLabApplicationKt          : No active profile set, falling back to 1 default profile: "default"
2026-08-12T21:43:37.680+09:00  INFO 29858 --- [game-history-lab] [           main] com.zaxxer.hikari.HikariDataSource       : HikariPool-1 - Starting...
2026-08-12T21:43:37.881+09:00  INFO 29858 --- [game-history-lab] [           main] com.zaxxer.hikari.pool.HikariPool        : HikariPool-1 - Added connection com.mysql.cj.jdbc.ConnectionImpl@c97721b
2026-08-12T21:43:37.882+09:00  INFO 29858 --- [game-history-lab] [           main] com.zaxxer.hikari.HikariDataSource       : HikariPool-1 - Start completed.
2026-08-12T21:43:38.000+09:00  WARN 29858 --- [game-history-lab] [           main] o.s.b.c.l.AbstractListenerFactoryBean    : org.springframework.batch.infrastructure.item.ItemProcessor is an interface. The implementing class will not be queried for annotation based listener configurations. If using @StepScope on a @Bean method, be sure to return the implementing class so listener annotations can be used.
2026-08-12T21:43:38.004+09:00  INFO 29858 --- [game-history-lab] [           main] o.s.b.c.step.item.ChunkOrientedTasklet   : DEPRECATION NOTE: The legacy implementation of the chunk-oriented processing model is deprecated as of Spring Batch 6.0 and will be removed in version 7.0.
2026-08-12T21:43:38.021+09:00  WARN 29858 --- [game-history-lab] [           main] o.s.b.c.l.AbstractListenerFactoryBean    : org.springframework.batch.infrastructure.item.ItemProcessor is an interface. The implementing class will not be queried for annotation based listener configurations. If using @StepScope on a @Bean method, be sure to return the implementing class so listener annotations can be used.
2026-08-12T21:43:38.021+09:00  INFO 29858 --- [game-history-lab] [           main] o.s.b.c.step.item.ChunkOrientedTasklet   : DEPRECATION NOTE: The legacy implementation of the chunk-oriented processing model is deprecated as of Spring Batch 6.0 and will be removed in version 7.0.
2026-08-12T21:43:38.101+09:00  INFO 29858 --- [game-history-lab] [           main] l.g.GameHistoryLabApplicationKt          : Started GameHistoryLabApplicationKt in 1.348 seconds (process running for 1.642)
2026-08-12T21:43:38.162+09:00  INFO 29858 --- [game-history-lab] [           main] o.s.b.c.l.s.TaskExecutorJobLauncher      : Job: [SimpleJob: [name=incrementalGameHistoryReadModelJob]] launched with the following parameters: [{JobParameter{name='failAfterCount', value=0, type=class java.lang.Long, identifying=false},JobParameter{name='upperUpdatedAt', value=2026-08-12T00:45, type=class java.time.LocalDateTime, identifying=true},JobParameter{name='upperGameId', value=9223372036854775807, type=class java.lang.Long, identifying=true},JobParameter{name='lowerUpdatedAt', value=2026-08-12T00:39, type=class java.time.LocalDateTime, identifying=true},JobParameter{name='runId', value=stage4-c60-r45-20260812T124000Z, type=class java.lang.String, identifying=true},JobParameter{name='lowerGameId', value=0, type=class java.lang.Long, identifying=true}}]
2026-08-12T21:43:38.220+09:00  INFO 29858 --- [game-history-lab] [           main] o.s.batch.core.step.AbstractStep         : Executing step: [processIncrementalChangesStep]
2026-08-12T21:43:38.271+09:00  INFO 29858 --- [game-history-lab] [           main] o.s.batch.core.step.AbstractStep         : Step: [processIncrementalChangesStep] executed in 55ms
2026-08-12T21:43:38.305+09:00  INFO 29858 --- [game-history-lab] [           main] o.s.batch.core.step.AbstractStep         : Executing step: [advanceIncrementalCheckpointStep]
2026-08-12T21:43:38.315+09:00  INFO 29858 --- [game-history-lab] [           main] o.s.batch.core.step.AbstractStep         : Step: [advanceIncrementalCheckpointStep] executed in 13ms
2026-08-12T21:43:38.339+09:00  INFO 29858 --- [game-history-lab] [           main] o.s.b.c.l.s.TaskExecutorJobLauncher      : Job: [SimpleJob: [name=incrementalGameHistoryReadModelJob]] completed with the following parameters: [{JobParameter{name='failAfterCount', value=0, type=class java.lang.Long, identifying=false},JobParameter{name='upperUpdatedAt', value=2026-08-12T00:45, type=class java.time.LocalDateTime, identifying=true},JobParameter{name='upperGameId', value=9223372036854775807, type=class java.lang.Long, identifying=true},JobParameter{name='lowerUpdatedAt', value=2026-08-12T00:39, type=class java.time.LocalDateTime, identifying=true},JobParameter{name='runId', value=stage4-c60-r45-20260812T124000Z, type=class java.lang.String, identifying=true},JobParameter{name='lowerGameId', value=0, type=class java.lang.Long, identifying=true}}] and the following status: [COMPLETED] in 140ms
STAGE4_STEP name=processIncrementalChangesStep status=COMPLETED read=0 write=0 commit=1 rollback=0
STAGE4_STEP name=advanceIncrementalCheckpointStep status=COMPLETED read=0 write=0 commit=1 rollback=0
STAGE4_JOB executionId=239 instanceId=235 status=COMPLETED lowerUpdatedAt=2026-08-12T00:39 lowerGameId=0 upperUpdatedAt=2026-08-12T00:45 durationMs=227
2026-08-12T21:43:38.345+09:00  INFO 29858 --- [game-history-lab] [ionShutdownHook] com.zaxxer.hikari.HikariDataSource       : HikariPool-1 - Shutdown initiated...
2026-08-12T21:43:38.370+09:00  INFO 29858 --- [game-history-lab] [ionShutdownHook] com.zaxxer.hikari.HikariDataSource       : HikariPool-1 - Shutdown completed.
tick_seconds=2760
apply_command=SET @elapsed_seconds=2760; scripts/sql/apply-stage4-workload.sql

  .   ____          _            __ _ _
 /\\ / ___'_ __ _ _(_)_ __  __ _ \ \ \ \
( ( )\___ | '_ | '_| | '_ \/ _` | \ \ \ \
 \\/  ___)| |_)| | | | | || (_| |  ) ) ) )
  '  |____| .__|_| |_|_| |_\__, | / / / /
 =========|_|==============|___/=/_/_/_/

 :: Spring Boot ::                (v4.1.0)

2026-08-12T21:43:39.545+09:00  INFO 29908 --- [game-history-lab] [           main] l.g.GameHistoryLabApplicationKt          : Starting GameHistoryLabApplicationKt v0.0.1-SNAPSHOT using Java 21.0.5 with PID 29908 (/Users/hongseungjun/이직/project/game-history-lab/build/libs/game-history-lab-0.0.1-SNAPSHOT.jar started by hongseungjun in /Users/hongseungjun/이직/project/game-history-lab)
2026-08-12T21:43:39.547+09:00  INFO 29908 --- [game-history-lab] [           main] l.g.GameHistoryLabApplicationKt          : No active profile set, falling back to 1 default profile: "default"
2026-08-12T21:43:40.177+09:00  INFO 29908 --- [game-history-lab] [           main] com.zaxxer.hikari.HikariDataSource       : HikariPool-1 - Starting...
2026-08-12T21:43:40.374+09:00  INFO 29908 --- [game-history-lab] [           main] com.zaxxer.hikari.pool.HikariPool        : HikariPool-1 - Added connection com.mysql.cj.jdbc.ConnectionImpl@c97721b
2026-08-12T21:43:40.375+09:00  INFO 29908 --- [game-history-lab] [           main] com.zaxxer.hikari.HikariDataSource       : HikariPool-1 - Start completed.
2026-08-12T21:43:40.479+09:00  WARN 29908 --- [game-history-lab] [           main] o.s.b.c.l.AbstractListenerFactoryBean    : org.springframework.batch.infrastructure.item.ItemProcessor is an interface. The implementing class will not be queried for annotation based listener configurations. If using @StepScope on a @Bean method, be sure to return the implementing class so listener annotations can be used.
2026-08-12T21:43:40.483+09:00  INFO 29908 --- [game-history-lab] [           main] o.s.b.c.step.item.ChunkOrientedTasklet   : DEPRECATION NOTE: The legacy implementation of the chunk-oriented processing model is deprecated as of Spring Batch 6.0 and will be removed in version 7.0.
2026-08-12T21:43:40.502+09:00  WARN 29908 --- [game-history-lab] [           main] o.s.b.c.l.AbstractListenerFactoryBean    : org.springframework.batch.infrastructure.item.ItemProcessor is an interface. The implementing class will not be queried for annotation based listener configurations. If using @StepScope on a @Bean method, be sure to return the implementing class so listener annotations can be used.
2026-08-12T21:43:40.502+09:00  INFO 29908 --- [game-history-lab] [           main] o.s.b.c.step.item.ChunkOrientedTasklet   : DEPRECATION NOTE: The legacy implementation of the chunk-oriented processing model is deprecated as of Spring Batch 6.0 and will be removed in version 7.0.
2026-08-12T21:43:40.580+09:00  INFO 29908 --- [game-history-lab] [           main] l.g.GameHistoryLabApplicationKt          : Started GameHistoryLabApplicationKt in 1.276 seconds (process running for 1.56)
2026-08-12T21:43:40.640+09:00  INFO 29908 --- [game-history-lab] [           main] o.s.b.c.l.s.TaskExecutorJobLauncher      : Job: [SimpleJob: [name=incrementalGameHistoryReadModelJob]] launched with the following parameters: [{JobParameter{name='failAfterCount', value=0, type=class java.lang.Long, identifying=false},JobParameter{name='upperUpdatedAt', value=2026-08-12T00:46, type=class java.time.LocalDateTime, identifying=true},JobParameter{name='upperGameId', value=9223372036854775807, type=class java.lang.Long, identifying=true},JobParameter{name='lowerUpdatedAt', value=2026-08-12T00:40, type=class java.time.LocalDateTime, identifying=true},JobParameter{name='runId', value=stage4-c60-r46-20260812T124000Z, type=class java.lang.String, identifying=true},JobParameter{name='lowerGameId', value=0, type=class java.lang.Long, identifying=true}}]
2026-08-12T21:43:40.692+09:00  INFO 29908 --- [game-history-lab] [           main] o.s.batch.core.step.AbstractStep         : Executing step: [processIncrementalChangesStep]
2026-08-12T21:43:40.741+09:00  INFO 29908 --- [game-history-lab] [           main] o.s.batch.core.step.AbstractStep         : Step: [processIncrementalChangesStep] executed in 52ms
2026-08-12T21:43:40.778+09:00  INFO 29908 --- [game-history-lab] [           main] o.s.batch.core.step.AbstractStep         : Executing step: [advanceIncrementalCheckpointStep]
2026-08-12T21:43:40.787+09:00  INFO 29908 --- [game-history-lab] [           main] o.s.batch.core.step.AbstractStep         : Step: [advanceIncrementalCheckpointStep] executed in 13ms
2026-08-12T21:43:40.812+09:00  INFO 29908 --- [game-history-lab] [           main] o.s.b.c.l.s.TaskExecutorJobLauncher      : Job: [SimpleJob: [name=incrementalGameHistoryReadModelJob]] completed with the following parameters: [{JobParameter{name='failAfterCount', value=0, type=class java.lang.Long, identifying=false},JobParameter{name='upperUpdatedAt', value=2026-08-12T00:46, type=class java.time.LocalDateTime, identifying=true},JobParameter{name='upperGameId', value=9223372036854775807, type=class java.lang.Long, identifying=true},JobParameter{name='lowerUpdatedAt', value=2026-08-12T00:40, type=class java.time.LocalDateTime, identifying=true},JobParameter{name='runId', value=stage4-c60-r46-20260812T124000Z, type=class java.lang.String, identifying=true},JobParameter{name='lowerGameId', value=0, type=class java.lang.Long, identifying=true}}] and the following status: [COMPLETED] in 138ms
STAGE4_STEP name=processIncrementalChangesStep status=COMPLETED read=0 write=0 commit=1 rollback=0
STAGE4_STEP name=advanceIncrementalCheckpointStep status=COMPLETED read=0 write=0 commit=1 rollback=0
STAGE4_JOB executionId=240 instanceId=236 status=COMPLETED lowerUpdatedAt=2026-08-12T00:40 lowerGameId=0 upperUpdatedAt=2026-08-12T00:46 durationMs=221
2026-08-12T21:43:40.818+09:00  INFO 29908 --- [game-history-lab] [ionShutdownHook] com.zaxxer.hikari.HikariDataSource       : HikariPool-1 - Shutdown initiated...
2026-08-12T21:43:40.838+09:00  INFO 29908 --- [game-history-lab] [ionShutdownHook] com.zaxxer.hikari.HikariDataSource       : HikariPool-1 - Shutdown completed.
tick_seconds=2820
apply_command=SET @elapsed_seconds=2820; scripts/sql/apply-stage4-workload.sql

  .   ____          _            __ _ _
 /\\ / ___'_ __ _ _(_)_ __  __ _ \ \ \ \
( ( )\___ | '_ | '_| | '_ \/ _` | \ \ \ \
 \\/  ___)| |_)| | | | | || (_| |  ) ) ) )
  '  |____| .__|_| |_|_| |_\__, | / / / /
 =========|_|==============|___/=/_/_/_/

 :: Spring Boot ::                (v4.1.0)

2026-08-12T21:43:42.116+09:00  INFO 29974 --- [game-history-lab] [           main] l.g.GameHistoryLabApplicationKt          : Starting GameHistoryLabApplicationKt v0.0.1-SNAPSHOT using Java 21.0.5 with PID 29974 (/Users/hongseungjun/이직/project/game-history-lab/build/libs/game-history-lab-0.0.1-SNAPSHOT.jar started by hongseungjun in /Users/hongseungjun/이직/project/game-history-lab)
2026-08-12T21:43:42.118+09:00  INFO 29974 --- [game-history-lab] [           main] l.g.GameHistoryLabApplicationKt          : No active profile set, falling back to 1 default profile: "default"
2026-08-12T21:43:42.766+09:00  INFO 29974 --- [game-history-lab] [           main] com.zaxxer.hikari.HikariDataSource       : HikariPool-1 - Starting...
2026-08-12T21:43:42.967+09:00  INFO 29974 --- [game-history-lab] [           main] com.zaxxer.hikari.pool.HikariPool        : HikariPool-1 - Added connection com.mysql.cj.jdbc.ConnectionImpl@c97721b
2026-08-12T21:43:42.968+09:00  INFO 29974 --- [game-history-lab] [           main] com.zaxxer.hikari.HikariDataSource       : HikariPool-1 - Start completed.
2026-08-12T21:43:43.073+09:00  WARN 29974 --- [game-history-lab] [           main] o.s.b.c.l.AbstractListenerFactoryBean    : org.springframework.batch.infrastructure.item.ItemProcessor is an interface. The implementing class will not be queried for annotation based listener configurations. If using @StepScope on a @Bean method, be sure to return the implementing class so listener annotations can be used.
2026-08-12T21:43:43.078+09:00  INFO 29974 --- [game-history-lab] [           main] o.s.b.c.step.item.ChunkOrientedTasklet   : DEPRECATION NOTE: The legacy implementation of the chunk-oriented processing model is deprecated as of Spring Batch 6.0 and will be removed in version 7.0.
2026-08-12T21:43:43.096+09:00  WARN 29974 --- [game-history-lab] [           main] o.s.b.c.l.AbstractListenerFactoryBean    : org.springframework.batch.infrastructure.item.ItemProcessor is an interface. The implementing class will not be queried for annotation based listener configurations. If using @StepScope on a @Bean method, be sure to return the implementing class so listener annotations can be used.
2026-08-12T21:43:43.096+09:00  INFO 29974 --- [game-history-lab] [           main] o.s.b.c.step.item.ChunkOrientedTasklet   : DEPRECATION NOTE: The legacy implementation of the chunk-oriented processing model is deprecated as of Spring Batch 6.0 and will be removed in version 7.0.
2026-08-12T21:43:43.180+09:00  INFO 29974 --- [game-history-lab] [           main] l.g.GameHistoryLabApplicationKt          : Started GameHistoryLabApplicationKt in 1.382 seconds (process running for 1.691)
2026-08-12T21:43:43.245+09:00  INFO 29974 --- [game-history-lab] [           main] o.s.b.c.l.s.TaskExecutorJobLauncher      : Job: [SimpleJob: [name=incrementalGameHistoryReadModelJob]] launched with the following parameters: [{JobParameter{name='failAfterCount', value=0, type=class java.lang.Long, identifying=false},JobParameter{name='upperUpdatedAt', value=2026-08-12T00:47, type=class java.time.LocalDateTime, identifying=true},JobParameter{name='upperGameId', value=9223372036854775807, type=class java.lang.Long, identifying=true},JobParameter{name='lowerUpdatedAt', value=2026-08-12T00:41, type=class java.time.LocalDateTime, identifying=true},JobParameter{name='runId', value=stage4-c60-r47-20260812T124000Z, type=class java.lang.String, identifying=true},JobParameter{name='lowerGameId', value=0, type=class java.lang.Long, identifying=true}}]
2026-08-12T21:43:43.303+09:00  INFO 29974 --- [game-history-lab] [           main] o.s.batch.core.step.AbstractStep         : Executing step: [processIncrementalChangesStep]
2026-08-12T21:43:43.352+09:00  INFO 29974 --- [game-history-lab] [           main] o.s.batch.core.step.AbstractStep         : Step: [processIncrementalChangesStep] executed in 53ms
2026-08-12T21:43:43.385+09:00  INFO 29974 --- [game-history-lab] [           main] o.s.batch.core.step.AbstractStep         : Executing step: [advanceIncrementalCheckpointStep]
2026-08-12T21:43:43.394+09:00  INFO 29974 --- [game-history-lab] [           main] o.s.batch.core.step.AbstractStep         : Step: [advanceIncrementalCheckpointStep] executed in 11ms
2026-08-12T21:43:43.415+09:00  INFO 29974 --- [game-history-lab] [           main] o.s.b.c.l.s.TaskExecutorJobLauncher      : Job: [SimpleJob: [name=incrementalGameHistoryReadModelJob]] completed with the following parameters: [{JobParameter{name='failAfterCount', value=0, type=class java.lang.Long, identifying=false},JobParameter{name='upperUpdatedAt', value=2026-08-12T00:47, type=class java.time.LocalDateTime, identifying=true},JobParameter{name='upperGameId', value=9223372036854775807, type=class java.lang.Long, identifying=true},JobParameter{name='lowerUpdatedAt', value=2026-08-12T00:41, type=class java.time.LocalDateTime, identifying=true},JobParameter{name='runId', value=stage4-c60-r47-20260812T124000Z, type=class java.lang.String, identifying=true},JobParameter{name='lowerGameId', value=0, type=class java.lang.Long, identifying=true}}] and the following status: [COMPLETED] in 133ms
STAGE4_STEP name=processIncrementalChangesStep status=COMPLETED read=0 write=0 commit=1 rollback=0
STAGE4_STEP name=advanceIncrementalCheckpointStep status=COMPLETED read=0 write=0 commit=1 rollback=0
STAGE4_JOB executionId=241 instanceId=237 status=COMPLETED lowerUpdatedAt=2026-08-12T00:41 lowerGameId=0 upperUpdatedAt=2026-08-12T00:47 durationMs=224
2026-08-12T21:43:43.422+09:00  INFO 29974 --- [game-history-lab] [ionShutdownHook] com.zaxxer.hikari.HikariDataSource       : HikariPool-1 - Shutdown initiated...
2026-08-12T21:43:43.454+09:00  INFO 29974 --- [game-history-lab] [ionShutdownHook] com.zaxxer.hikari.HikariDataSource       : HikariPool-1 - Shutdown completed.
tick_seconds=2880
apply_command=SET @elapsed_seconds=2880; scripts/sql/apply-stage4-workload.sql

  .   ____          _            __ _ _
 /\\ / ___'_ __ _ _(_)_ __  __ _ \ \ \ \
( ( )\___ | '_ | '_| | '_ \/ _` | \ \ \ \
 \\/  ___)| |_)| | | | | || (_| |  ) ) ) )
  '  |____| .__|_| |_|_| |_\__, | / / / /
 =========|_|==============|___/=/_/_/_/

 :: Spring Boot ::                (v4.1.0)

2026-08-12T21:43:44.647+09:00  INFO 30110 --- [game-history-lab] [           main] l.g.GameHistoryLabApplicationKt          : Starting GameHistoryLabApplicationKt v0.0.1-SNAPSHOT using Java 21.0.5 with PID 30110 (/Users/hongseungjun/이직/project/game-history-lab/build/libs/game-history-lab-0.0.1-SNAPSHOT.jar started by hongseungjun in /Users/hongseungjun/이직/project/game-history-lab)
2026-08-12T21:43:44.650+09:00  INFO 30110 --- [game-history-lab] [           main] l.g.GameHistoryLabApplicationKt          : No active profile set, falling back to 1 default profile: "default"
2026-08-12T21:43:45.342+09:00  INFO 30110 --- [game-history-lab] [           main] com.zaxxer.hikari.HikariDataSource       : HikariPool-1 - Starting...
2026-08-12T21:43:45.556+09:00  INFO 30110 --- [game-history-lab] [           main] com.zaxxer.hikari.pool.HikariPool        : HikariPool-1 - Added connection com.mysql.cj.jdbc.ConnectionImpl@c97721b
2026-08-12T21:43:45.557+09:00  INFO 30110 --- [game-history-lab] [           main] com.zaxxer.hikari.HikariDataSource       : HikariPool-1 - Start completed.
2026-08-12T21:43:45.673+09:00  WARN 30110 --- [game-history-lab] [           main] o.s.b.c.l.AbstractListenerFactoryBean    : org.springframework.batch.infrastructure.item.ItemProcessor is an interface. The implementing class will not be queried for annotation based listener configurations. If using @StepScope on a @Bean method, be sure to return the implementing class so listener annotations can be used.
2026-08-12T21:43:45.678+09:00  INFO 30110 --- [game-history-lab] [           main] o.s.b.c.step.item.ChunkOrientedTasklet   : DEPRECATION NOTE: The legacy implementation of the chunk-oriented processing model is deprecated as of Spring Batch 6.0 and will be removed in version 7.0.
2026-08-12T21:43:45.697+09:00  WARN 30110 --- [game-history-lab] [           main] o.s.b.c.l.AbstractListenerFactoryBean    : org.springframework.batch.infrastructure.item.ItemProcessor is an interface. The implementing class will not be queried for annotation based listener configurations. If using @StepScope on a @Bean method, be sure to return the implementing class so listener annotations can be used.
2026-08-12T21:43:45.697+09:00  INFO 30110 --- [game-history-lab] [           main] o.s.b.c.step.item.ChunkOrientedTasklet   : DEPRECATION NOTE: The legacy implementation of the chunk-oriented processing model is deprecated as of Spring Batch 6.0 and will be removed in version 7.0.
2026-08-12T21:43:45.799+09:00  INFO 30110 --- [game-history-lab] [           main] l.g.GameHistoryLabApplicationKt          : Started GameHistoryLabApplicationKt in 1.403 seconds (process running for 1.683)
2026-08-12T21:43:45.874+09:00  INFO 30110 --- [game-history-lab] [           main] o.s.b.c.l.s.TaskExecutorJobLauncher      : Job: [SimpleJob: [name=incrementalGameHistoryReadModelJob]] launched with the following parameters: [{JobParameter{name='failAfterCount', value=0, type=class java.lang.Long, identifying=false},JobParameter{name='upperUpdatedAt', value=2026-08-12T00:48, type=class java.time.LocalDateTime, identifying=true},JobParameter{name='upperGameId', value=9223372036854775807, type=class java.lang.Long, identifying=true},JobParameter{name='lowerUpdatedAt', value=2026-08-12T00:42, type=class java.time.LocalDateTime, identifying=true},JobParameter{name='runId', value=stage4-c60-r48-20260812T124000Z, type=class java.lang.String, identifying=true},JobParameter{name='lowerGameId', value=0, type=class java.lang.Long, identifying=true}}]
2026-08-12T21:43:45.929+09:00  INFO 30110 --- [game-history-lab] [           main] o.s.batch.core.step.AbstractStep         : Executing step: [processIncrementalChangesStep]
2026-08-12T21:43:45.980+09:00  INFO 30110 --- [game-history-lab] [           main] o.s.batch.core.step.AbstractStep         : Step: [processIncrementalChangesStep] executed in 54ms
2026-08-12T21:43:46.014+09:00  INFO 30110 --- [game-history-lab] [           main] o.s.batch.core.step.AbstractStep         : Executing step: [advanceIncrementalCheckpointStep]
2026-08-12T21:43:46.023+09:00  INFO 30110 --- [game-history-lab] [           main] o.s.batch.core.step.AbstractStep         : Step: [advanceIncrementalCheckpointStep] executed in 11ms
2026-08-12T21:43:46.046+09:00  INFO 30110 --- [game-history-lab] [           main] o.s.b.c.l.s.TaskExecutorJobLauncher      : Job: [SimpleJob: [name=incrementalGameHistoryReadModelJob]] completed with the following parameters: [{JobParameter{name='failAfterCount', value=0, type=class java.lang.Long, identifying=false},JobParameter{name='upperUpdatedAt', value=2026-08-12T00:48, type=class java.time.LocalDateTime, identifying=true},JobParameter{name='upperGameId', value=9223372036854775807, type=class java.lang.Long, identifying=true},JobParameter{name='lowerUpdatedAt', value=2026-08-12T00:42, type=class java.time.LocalDateTime, identifying=true},JobParameter{name='runId', value=stage4-c60-r48-20260812T124000Z, type=class java.lang.String, identifying=true},JobParameter{name='lowerGameId', value=0, type=class java.lang.Long, identifying=true}}] and the following status: [COMPLETED] in 133ms
STAGE4_STEP name=processIncrementalChangesStep status=COMPLETED read=0 write=0 commit=1 rollback=0
STAGE4_STEP name=advanceIncrementalCheckpointStep status=COMPLETED read=0 write=0 commit=1 rollback=0
STAGE4_JOB executionId=242 instanceId=238 status=COMPLETED lowerUpdatedAt=2026-08-12T00:42 lowerGameId=0 upperUpdatedAt=2026-08-12T00:48 durationMs=234
2026-08-12T21:43:46.052+09:00  INFO 30110 --- [game-history-lab] [ionShutdownHook] com.zaxxer.hikari.HikariDataSource       : HikariPool-1 - Shutdown initiated...
2026-08-12T21:43:46.081+09:00  INFO 30110 --- [game-history-lab] [ionShutdownHook] com.zaxxer.hikari.HikariDataSource       : HikariPool-1 - Shutdown completed.
tick_seconds=2940
apply_command=SET @elapsed_seconds=2940; scripts/sql/apply-stage4-workload.sql

  .   ____          _            __ _ _
 /\\ / ___'_ __ _ _(_)_ __  __ _ \ \ \ \
( ( )\___ | '_ | '_| | '_ \/ _` | \ \ \ \
 \\/  ___)| |_)| | | | | || (_| |  ) ) ) )
  '  |____| .__|_| |_|_| |_\__, | / / / /
 =========|_|==============|___/=/_/_/_/

 :: Spring Boot ::                (v4.1.0)

2026-08-12T21:43:47.259+09:00  INFO 30158 --- [game-history-lab] [           main] l.g.GameHistoryLabApplicationKt          : Starting GameHistoryLabApplicationKt v0.0.1-SNAPSHOT using Java 21.0.5 with PID 30158 (/Users/hongseungjun/이직/project/game-history-lab/build/libs/game-history-lab-0.0.1-SNAPSHOT.jar started by hongseungjun in /Users/hongseungjun/이직/project/game-history-lab)
2026-08-12T21:43:47.261+09:00  INFO 30158 --- [game-history-lab] [           main] l.g.GameHistoryLabApplicationKt          : No active profile set, falling back to 1 default profile: "default"
2026-08-12T21:43:47.912+09:00  INFO 30158 --- [game-history-lab] [           main] com.zaxxer.hikari.HikariDataSource       : HikariPool-1 - Starting...
2026-08-12T21:43:48.119+09:00  INFO 30158 --- [game-history-lab] [           main] com.zaxxer.hikari.pool.HikariPool        : HikariPool-1 - Added connection com.mysql.cj.jdbc.ConnectionImpl@c97721b
2026-08-12T21:43:48.120+09:00  INFO 30158 --- [game-history-lab] [           main] com.zaxxer.hikari.HikariDataSource       : HikariPool-1 - Start completed.
2026-08-12T21:43:48.229+09:00  WARN 30158 --- [game-history-lab] [           main] o.s.b.c.l.AbstractListenerFactoryBean    : org.springframework.batch.infrastructure.item.ItemProcessor is an interface. The implementing class will not be queried for annotation based listener configurations. If using @StepScope on a @Bean method, be sure to return the implementing class so listener annotations can be used.
2026-08-12T21:43:48.234+09:00  INFO 30158 --- [game-history-lab] [           main] o.s.b.c.step.item.ChunkOrientedTasklet   : DEPRECATION NOTE: The legacy implementation of the chunk-oriented processing model is deprecated as of Spring Batch 6.0 and will be removed in version 7.0.
2026-08-12T21:43:48.252+09:00  WARN 30158 --- [game-history-lab] [           main] o.s.b.c.l.AbstractListenerFactoryBean    : org.springframework.batch.infrastructure.item.ItemProcessor is an interface. The implementing class will not be queried for annotation based listener configurations. If using @StepScope on a @Bean method, be sure to return the implementing class so listener annotations can be used.
2026-08-12T21:43:48.252+09:00  INFO 30158 --- [game-history-lab] [           main] o.s.b.c.step.item.ChunkOrientedTasklet   : DEPRECATION NOTE: The legacy implementation of the chunk-oriented processing model is deprecated as of Spring Batch 6.0 and will be removed in version 7.0.
2026-08-12T21:43:48.331+09:00  INFO 30158 --- [game-history-lab] [           main] l.g.GameHistoryLabApplicationKt          : Started GameHistoryLabApplicationKt in 1.32 seconds (process running for 1.589)
2026-08-12T21:43:48.401+09:00  INFO 30158 --- [game-history-lab] [           main] o.s.b.c.l.s.TaskExecutorJobLauncher      : Job: [SimpleJob: [name=incrementalGameHistoryReadModelJob]] launched with the following parameters: [{JobParameter{name='failAfterCount', value=0, type=class java.lang.Long, identifying=false},JobParameter{name='upperUpdatedAt', value=2026-08-12T00:49, type=class java.time.LocalDateTime, identifying=true},JobParameter{name='upperGameId', value=9223372036854775807, type=class java.lang.Long, identifying=true},JobParameter{name='lowerUpdatedAt', value=2026-08-12T00:43, type=class java.time.LocalDateTime, identifying=true},JobParameter{name='runId', value=stage4-c60-r49-20260812T124000Z, type=class java.lang.String, identifying=true},JobParameter{name='lowerGameId', value=0, type=class java.lang.Long, identifying=true}}]
2026-08-12T21:43:48.464+09:00  INFO 30158 --- [game-history-lab] [           main] o.s.batch.core.step.AbstractStep         : Executing step: [processIncrementalChangesStep]
2026-08-12T21:43:48.519+09:00  INFO 30158 --- [game-history-lab] [           main] o.s.batch.core.step.AbstractStep         : Step: [processIncrementalChangesStep] executed in 59ms
2026-08-12T21:43:48.561+09:00  INFO 30158 --- [game-history-lab] [           main] o.s.batch.core.step.AbstractStep         : Executing step: [advanceIncrementalCheckpointStep]
2026-08-12T21:43:48.572+09:00  INFO 30158 --- [game-history-lab] [           main] o.s.batch.core.step.AbstractStep         : Step: [advanceIncrementalCheckpointStep] executed in 14ms
2026-08-12T21:43:48.598+09:00  INFO 30158 --- [game-history-lab] [           main] o.s.b.c.l.s.TaskExecutorJobLauncher      : Job: [SimpleJob: [name=incrementalGameHistoryReadModelJob]] completed with the following parameters: [{JobParameter{name='failAfterCount', value=0, type=class java.lang.Long, identifying=false},JobParameter{name='upperUpdatedAt', value=2026-08-12T00:49, type=class java.time.LocalDateTime, identifying=true},JobParameter{name='upperGameId', value=9223372036854775807, type=class java.lang.Long, identifying=true},JobParameter{name='lowerUpdatedAt', value=2026-08-12T00:43, type=class java.time.LocalDateTime, identifying=true},JobParameter{name='runId', value=stage4-c60-r49-20260812T124000Z, type=class java.lang.String, identifying=true},JobParameter{name='lowerGameId', value=0, type=class java.lang.Long, identifying=true}}] and the following status: [COMPLETED] in 163ms
STAGE4_STEP name=processIncrementalChangesStep status=COMPLETED read=0 write=0 commit=1 rollback=0
STAGE4_STEP name=advanceIncrementalCheckpointStep status=COMPLETED read=0 write=0 commit=1 rollback=0
STAGE4_JOB executionId=243 instanceId=239 status=COMPLETED lowerUpdatedAt=2026-08-12T00:43 lowerGameId=0 upperUpdatedAt=2026-08-12T00:49 durationMs=255
2026-08-12T21:43:48.605+09:00  INFO 30158 --- [game-history-lab] [ionShutdownHook] com.zaxxer.hikari.HikariDataSource       : HikariPool-1 - Shutdown initiated...
2026-08-12T21:43:48.620+09:00  INFO 30158 --- [game-history-lab] [ionShutdownHook] com.zaxxer.hikari.HikariDataSource       : HikariPool-1 - Shutdown completed.
tick_seconds=3000
apply_command=SET @elapsed_seconds=3000; scripts/sql/apply-stage4-workload.sql

  .   ____          _            __ _ _
 /\\ / ___'_ __ _ _(_)_ __  __ _ \ \ \ \
( ( )\___ | '_ | '_| | '_ \/ _` | \ \ \ \
 \\/  ___)| |_)| | | | | || (_| |  ) ) ) )
  '  |____| .__|_| |_|_| |_\__, | / / / /
 =========|_|==============|___/=/_/_/_/

 :: Spring Boot ::                (v4.1.0)

2026-08-12T21:43:49.765+09:00  INFO 30206 --- [game-history-lab] [           main] l.g.GameHistoryLabApplicationKt          : Starting GameHistoryLabApplicationKt v0.0.1-SNAPSHOT using Java 21.0.5 with PID 30206 (/Users/hongseungjun/이직/project/game-history-lab/build/libs/game-history-lab-0.0.1-SNAPSHOT.jar started by hongseungjun in /Users/hongseungjun/이직/project/game-history-lab)
2026-08-12T21:43:49.767+09:00  INFO 30206 --- [game-history-lab] [           main] l.g.GameHistoryLabApplicationKt          : No active profile set, falling back to 1 default profile: "default"
2026-08-12T21:43:50.462+09:00  INFO 30206 --- [game-history-lab] [           main] com.zaxxer.hikari.HikariDataSource       : HikariPool-1 - Starting...
2026-08-12T21:43:50.675+09:00  INFO 30206 --- [game-history-lab] [           main] com.zaxxer.hikari.pool.HikariPool        : HikariPool-1 - Added connection com.mysql.cj.jdbc.ConnectionImpl@c97721b
2026-08-12T21:43:50.677+09:00  INFO 30206 --- [game-history-lab] [           main] com.zaxxer.hikari.HikariDataSource       : HikariPool-1 - Start completed.
2026-08-12T21:43:50.783+09:00  WARN 30206 --- [game-history-lab] [           main] o.s.b.c.l.AbstractListenerFactoryBean    : org.springframework.batch.infrastructure.item.ItemProcessor is an interface. The implementing class will not be queried for annotation based listener configurations. If using @StepScope on a @Bean method, be sure to return the implementing class so listener annotations can be used.
2026-08-12T21:43:50.788+09:00  INFO 30206 --- [game-history-lab] [           main] o.s.b.c.step.item.ChunkOrientedTasklet   : DEPRECATION NOTE: The legacy implementation of the chunk-oriented processing model is deprecated as of Spring Batch 6.0 and will be removed in version 7.0.
2026-08-12T21:43:50.806+09:00  WARN 30206 --- [game-history-lab] [           main] o.s.b.c.l.AbstractListenerFactoryBean    : org.springframework.batch.infrastructure.item.ItemProcessor is an interface. The implementing class will not be queried for annotation based listener configurations. If using @StepScope on a @Bean method, be sure to return the implementing class so listener annotations can be used.
2026-08-12T21:43:50.806+09:00  INFO 30206 --- [game-history-lab] [           main] o.s.b.c.step.item.ChunkOrientedTasklet   : DEPRECATION NOTE: The legacy implementation of the chunk-oriented processing model is deprecated as of Spring Batch 6.0 and will be removed in version 7.0.
2026-08-12T21:43:50.890+09:00  INFO 30206 --- [game-history-lab] [           main] l.g.GameHistoryLabApplicationKt          : Started GameHistoryLabApplicationKt in 1.364 seconds (process running for 1.634)
2026-08-12T21:43:50.962+09:00  INFO 30206 --- [game-history-lab] [           main] o.s.b.c.l.s.TaskExecutorJobLauncher      : Job: [SimpleJob: [name=incrementalGameHistoryReadModelJob]] launched with the following parameters: [{JobParameter{name='failAfterCount', value=0, type=class java.lang.Long, identifying=false},JobParameter{name='upperUpdatedAt', value=2026-08-12T00:50, type=class java.time.LocalDateTime, identifying=true},JobParameter{name='upperGameId', value=9223372036854775807, type=class java.lang.Long, identifying=true},JobParameter{name='lowerUpdatedAt', value=2026-08-12T00:44, type=class java.time.LocalDateTime, identifying=true},JobParameter{name='runId', value=stage4-c60-r50-20260812T124000Z, type=class java.lang.String, identifying=true},JobParameter{name='lowerGameId', value=0, type=class java.lang.Long, identifying=true}}]
2026-08-12T21:43:51.027+09:00  INFO 30206 --- [game-history-lab] [           main] o.s.batch.core.step.AbstractStep         : Executing step: [processIncrementalChangesStep]
2026-08-12T21:43:51.084+09:00  INFO 30206 --- [game-history-lab] [           main] o.s.batch.core.step.AbstractStep         : Step: [processIncrementalChangesStep] executed in 61ms
2026-08-12T21:43:51.127+09:00  INFO 30206 --- [game-history-lab] [           main] o.s.batch.core.step.AbstractStep         : Executing step: [advanceIncrementalCheckpointStep]
2026-08-12T21:43:51.139+09:00  INFO 30206 --- [game-history-lab] [           main] o.s.batch.core.step.AbstractStep         : Step: [advanceIncrementalCheckpointStep] executed in 15ms
2026-08-12T21:43:51.167+09:00  INFO 30206 --- [game-history-lab] [           main] o.s.b.c.l.s.TaskExecutorJobLauncher      : Job: [SimpleJob: [name=incrementalGameHistoryReadModelJob]] completed with the following parameters: [{JobParameter{name='failAfterCount', value=0, type=class java.lang.Long, identifying=false},JobParameter{name='upperUpdatedAt', value=2026-08-12T00:50, type=class java.time.LocalDateTime, identifying=true},JobParameter{name='upperGameId', value=9223372036854775807, type=class java.lang.Long, identifying=true},JobParameter{name='lowerUpdatedAt', value=2026-08-12T00:44, type=class java.time.LocalDateTime, identifying=true},JobParameter{name='runId', value=stage4-c60-r50-20260812T124000Z, type=class java.lang.String, identifying=true},JobParameter{name='lowerGameId', value=0, type=class java.lang.Long, identifying=true}}] and the following status: [COMPLETED] in 164ms
STAGE4_STEP name=processIncrementalChangesStep status=COMPLETED read=1 write=1 commit=1 rollback=0
STAGE4_STEP name=advanceIncrementalCheckpointStep status=COMPLETED read=0 write=0 commit=1 rollback=0
STAGE4_JOB executionId=244 instanceId=240 status=COMPLETED lowerUpdatedAt=2026-08-12T00:44 lowerGameId=0 upperUpdatedAt=2026-08-12T00:50 durationMs=264
2026-08-12T21:43:51.173+09:00  INFO 30206 --- [game-history-lab] [ionShutdownHook] com.zaxxer.hikari.HikariDataSource       : HikariPool-1 - Shutdown initiated...
2026-08-12T21:43:51.197+09:00  INFO 30206 --- [game-history-lab] [ionShutdownHook] com.zaxxer.hikari.HikariDataSource       : HikariPool-1 - Shutdown completed.
tick_seconds=3060
apply_command=SET @elapsed_seconds=3060; scripts/sql/apply-stage4-workload.sql

  .   ____          _            __ _ _
 /\\ / ___'_ __ _ _(_)_ __  __ _ \ \ \ \
( ( )\___ | '_ | '_| | '_ \/ _` | \ \ \ \
 \\/  ___)| |_)| | | | | || (_| |  ) ) ) )
  '  |____| .__|_| |_|_| |_\__, | / / / /
 =========|_|==============|___/=/_/_/_/

 :: Spring Boot ::                (v4.1.0)

2026-08-12T21:43:52.402+09:00  INFO 30258 --- [game-history-lab] [           main] l.g.GameHistoryLabApplicationKt          : Starting GameHistoryLabApplicationKt v0.0.1-SNAPSHOT using Java 21.0.5 with PID 30258 (/Users/hongseungjun/이직/project/game-history-lab/build/libs/game-history-lab-0.0.1-SNAPSHOT.jar started by hongseungjun in /Users/hongseungjun/이직/project/game-history-lab)
2026-08-12T21:43:52.404+09:00  INFO 30258 --- [game-history-lab] [           main] l.g.GameHistoryLabApplicationKt          : No active profile set, falling back to 1 default profile: "default"
2026-08-12T21:43:53.123+09:00  INFO 30258 --- [game-history-lab] [           main] com.zaxxer.hikari.HikariDataSource       : HikariPool-1 - Starting...
2026-08-12T21:43:53.316+09:00  INFO 30258 --- [game-history-lab] [           main] com.zaxxer.hikari.pool.HikariPool        : HikariPool-1 - Added connection com.mysql.cj.jdbc.ConnectionImpl@c97721b
2026-08-12T21:43:53.316+09:00  INFO 30258 --- [game-history-lab] [           main] com.zaxxer.hikari.HikariDataSource       : HikariPool-1 - Start completed.
2026-08-12T21:43:53.419+09:00  WARN 30258 --- [game-history-lab] [           main] o.s.b.c.l.AbstractListenerFactoryBean    : org.springframework.batch.infrastructure.item.ItemProcessor is an interface. The implementing class will not be queried for annotation based listener configurations. If using @StepScope on a @Bean method, be sure to return the implementing class so listener annotations can be used.
2026-08-12T21:43:53.424+09:00  INFO 30258 --- [game-history-lab] [           main] o.s.b.c.step.item.ChunkOrientedTasklet   : DEPRECATION NOTE: The legacy implementation of the chunk-oriented processing model is deprecated as of Spring Batch 6.0 and will be removed in version 7.0.
2026-08-12T21:43:53.443+09:00  WARN 30258 --- [game-history-lab] [           main] o.s.b.c.l.AbstractListenerFactoryBean    : org.springframework.batch.infrastructure.item.ItemProcessor is an interface. The implementing class will not be queried for annotation based listener configurations. If using @StepScope on a @Bean method, be sure to return the implementing class so listener annotations can be used.
2026-08-12T21:43:53.443+09:00  INFO 30258 --- [game-history-lab] [           main] o.s.b.c.step.item.ChunkOrientedTasklet   : DEPRECATION NOTE: The legacy implementation of the chunk-oriented processing model is deprecated as of Spring Batch 6.0 and will be removed in version 7.0.
2026-08-12T21:43:53.519+09:00  INFO 30258 --- [game-history-lab] [           main] l.g.GameHistoryLabApplicationKt          : Started GameHistoryLabApplicationKt in 1.377 seconds (process running for 1.672)
2026-08-12T21:43:53.587+09:00  INFO 30258 --- [game-history-lab] [           main] o.s.b.c.l.s.TaskExecutorJobLauncher      : Job: [SimpleJob: [name=incrementalGameHistoryReadModelJob]] launched with the following parameters: [{JobParameter{name='failAfterCount', value=0, type=class java.lang.Long, identifying=false},JobParameter{name='upperUpdatedAt', value=2026-08-12T00:51, type=class java.time.LocalDateTime, identifying=true},JobParameter{name='upperGameId', value=9223372036854775807, type=class java.lang.Long, identifying=true},JobParameter{name='lowerUpdatedAt', value=2026-08-12T00:45, type=class java.time.LocalDateTime, identifying=true},JobParameter{name='runId', value=stage4-c60-r51-20260812T124000Z, type=class java.lang.String, identifying=true},JobParameter{name='lowerGameId', value=0, type=class java.lang.Long, identifying=true}}]
2026-08-12T21:43:53.652+09:00  INFO 30258 --- [game-history-lab] [           main] o.s.batch.core.step.AbstractStep         : Executing step: [processIncrementalChangesStep]
2026-08-12T21:43:53.712+09:00  INFO 30258 --- [game-history-lab] [           main] o.s.batch.core.step.AbstractStep         : Step: [processIncrementalChangesStep] executed in 64ms
2026-08-12T21:43:53.750+09:00  INFO 30258 --- [game-history-lab] [           main] o.s.batch.core.step.AbstractStep         : Executing step: [advanceIncrementalCheckpointStep]
2026-08-12T21:43:53.760+09:00  INFO 30258 --- [game-history-lab] [           main] o.s.batch.core.step.AbstractStep         : Step: [advanceIncrementalCheckpointStep] executed in 13ms
2026-08-12T21:43:53.785+09:00  INFO 30258 --- [game-history-lab] [           main] o.s.b.c.l.s.TaskExecutorJobLauncher      : Job: [SimpleJob: [name=incrementalGameHistoryReadModelJob]] completed with the following parameters: [{JobParameter{name='failAfterCount', value=0, type=class java.lang.Long, identifying=false},JobParameter{name='upperUpdatedAt', value=2026-08-12T00:51, type=class java.time.LocalDateTime, identifying=true},JobParameter{name='upperGameId', value=9223372036854775807, type=class java.lang.Long, identifying=true},JobParameter{name='lowerUpdatedAt', value=2026-08-12T00:45, type=class java.time.LocalDateTime, identifying=true},JobParameter{name='runId', value=stage4-c60-r51-20260812T124000Z, type=class java.lang.String, identifying=true},JobParameter{name='lowerGameId', value=0, type=class java.lang.Long, identifying=true}}] and the following status: [COMPLETED] in 160ms
STAGE4_STEP name=processIncrementalChangesStep status=COMPLETED read=1 write=1 commit=1 rollback=0
STAGE4_STEP name=advanceIncrementalCheckpointStep status=COMPLETED read=0 write=0 commit=1 rollback=0
STAGE4_JOB executionId=245 instanceId=241 status=COMPLETED lowerUpdatedAt=2026-08-12T00:45 lowerGameId=0 upperUpdatedAt=2026-08-12T00:51 durationMs=254
2026-08-12T21:43:53.791+09:00  INFO 30258 --- [game-history-lab] [ionShutdownHook] com.zaxxer.hikari.HikariDataSource       : HikariPool-1 - Shutdown initiated...
2026-08-12T21:43:53.809+09:00  INFO 30258 --- [game-history-lab] [ionShutdownHook] com.zaxxer.hikari.HikariDataSource       : HikariPool-1 - Shutdown completed.
tick_seconds=3120
apply_command=SET @elapsed_seconds=3120; scripts/sql/apply-stage4-workload.sql

  .   ____          _            __ _ _
 /\\ / ___'_ __ _ _(_)_ __  __ _ \ \ \ \
( ( )\___ | '_ | '_| | '_ \/ _` | \ \ \ \
 \\/  ___)| |_)| | | | | || (_| |  ) ) ) )
  '  |____| .__|_| |_|_| |_\__, | / / / /
 =========|_|==============|___/=/_/_/_/

 :: Spring Boot ::                (v4.1.0)

2026-08-12T21:43:54.963+09:00  INFO 30412 --- [game-history-lab] [           main] l.g.GameHistoryLabApplicationKt          : Starting GameHistoryLabApplicationKt v0.0.1-SNAPSHOT using Java 21.0.5 with PID 30412 (/Users/hongseungjun/이직/project/game-history-lab/build/libs/game-history-lab-0.0.1-SNAPSHOT.jar started by hongseungjun in /Users/hongseungjun/이직/project/game-history-lab)
2026-08-12T21:43:54.964+09:00  INFO 30412 --- [game-history-lab] [           main] l.g.GameHistoryLabApplicationKt          : No active profile set, falling back to 1 default profile: "default"
2026-08-12T21:43:55.624+09:00  INFO 30412 --- [game-history-lab] [           main] com.zaxxer.hikari.HikariDataSource       : HikariPool-1 - Starting...
2026-08-12T21:43:55.830+09:00  INFO 30412 --- [game-history-lab] [           main] com.zaxxer.hikari.pool.HikariPool        : HikariPool-1 - Added connection com.mysql.cj.jdbc.ConnectionImpl@c97721b
2026-08-12T21:43:55.830+09:00  INFO 30412 --- [game-history-lab] [           main] com.zaxxer.hikari.HikariDataSource       : HikariPool-1 - Start completed.
2026-08-12T21:43:55.949+09:00  WARN 30412 --- [game-history-lab] [           main] o.s.b.c.l.AbstractListenerFactoryBean    : org.springframework.batch.infrastructure.item.ItemProcessor is an interface. The implementing class will not be queried for annotation based listener configurations. If using @StepScope on a @Bean method, be sure to return the implementing class so listener annotations can be used.
2026-08-12T21:43:55.954+09:00  INFO 30412 --- [game-history-lab] [           main] o.s.b.c.step.item.ChunkOrientedTasklet   : DEPRECATION NOTE: The legacy implementation of the chunk-oriented processing model is deprecated as of Spring Batch 6.0 and will be removed in version 7.0.
2026-08-12T21:43:55.971+09:00  WARN 30412 --- [game-history-lab] [           main] o.s.b.c.l.AbstractListenerFactoryBean    : org.springframework.batch.infrastructure.item.ItemProcessor is an interface. The implementing class will not be queried for annotation based listener configurations. If using @StepScope on a @Bean method, be sure to return the implementing class so listener annotations can be used.
2026-08-12T21:43:55.971+09:00  INFO 30412 --- [game-history-lab] [           main] o.s.b.c.step.item.ChunkOrientedTasklet   : DEPRECATION NOTE: The legacy implementation of the chunk-oriented processing model is deprecated as of Spring Batch 6.0 and will be removed in version 7.0.
2026-08-12T21:43:56.055+09:00  INFO 30412 --- [game-history-lab] [           main] l.g.GameHistoryLabApplicationKt          : Started GameHistoryLabApplicationKt in 1.331 seconds (process running for 1.598)
2026-08-12T21:43:56.134+09:00  INFO 30412 --- [game-history-lab] [           main] o.s.b.c.l.s.TaskExecutorJobLauncher      : Job: [SimpleJob: [name=incrementalGameHistoryReadModelJob]] launched with the following parameters: [{JobParameter{name='failAfterCount', value=0, type=class java.lang.Long, identifying=false},JobParameter{name='upperUpdatedAt', value=2026-08-12T00:52, type=class java.time.LocalDateTime, identifying=true},JobParameter{name='upperGameId', value=9223372036854775807, type=class java.lang.Long, identifying=true},JobParameter{name='lowerUpdatedAt', value=2026-08-12T00:46, type=class java.time.LocalDateTime, identifying=true},JobParameter{name='runId', value=stage4-c60-r52-20260812T124000Z, type=class java.lang.String, identifying=true},JobParameter{name='lowerGameId', value=0, type=class java.lang.Long, identifying=true}}]
2026-08-12T21:43:56.197+09:00  INFO 30412 --- [game-history-lab] [           main] o.s.batch.core.step.AbstractStep         : Executing step: [processIncrementalChangesStep]
2026-08-12T21:43:56.252+09:00  INFO 30412 --- [game-history-lab] [           main] o.s.batch.core.step.AbstractStep         : Step: [processIncrementalChangesStep] executed in 59ms
2026-08-12T21:43:56.295+09:00  INFO 30412 --- [game-history-lab] [           main] o.s.batch.core.step.AbstractStep         : Executing step: [advanceIncrementalCheckpointStep]
2026-08-12T21:43:56.306+09:00  INFO 30412 --- [game-history-lab] [           main] o.s.batch.core.step.AbstractStep         : Step: [advanceIncrementalCheckpointStep] executed in 15ms
2026-08-12T21:43:56.335+09:00  INFO 30412 --- [game-history-lab] [           main] o.s.b.c.l.s.TaskExecutorJobLauncher      : Job: [SimpleJob: [name=incrementalGameHistoryReadModelJob]] completed with the following parameters: [{JobParameter{name='failAfterCount', value=0, type=class java.lang.Long, identifying=false},JobParameter{name='upperUpdatedAt', value=2026-08-12T00:52, type=class java.time.LocalDateTime, identifying=true},JobParameter{name='upperGameId', value=9223372036854775807, type=class java.lang.Long, identifying=true},JobParameter{name='lowerUpdatedAt', value=2026-08-12T00:46, type=class java.time.LocalDateTime, identifying=true},JobParameter{name='runId', value=stage4-c60-r52-20260812T124000Z, type=class java.lang.String, identifying=true},JobParameter{name='lowerGameId', value=0, type=class java.lang.Long, identifying=true}}] and the following status: [COMPLETED] in 162ms
STAGE4_STEP name=processIncrementalChangesStep status=COMPLETED read=1 write=1 commit=1 rollback=0
STAGE4_STEP name=advanceIncrementalCheckpointStep status=COMPLETED read=0 write=0 commit=1 rollback=0
STAGE4_JOB executionId=246 instanceId=242 status=COMPLETED lowerUpdatedAt=2026-08-12T00:46 lowerGameId=0 upperUpdatedAt=2026-08-12T00:52 durationMs=266
2026-08-12T21:43:56.341+09:00  INFO 30412 --- [game-history-lab] [ionShutdownHook] com.zaxxer.hikari.HikariDataSource       : HikariPool-1 - Shutdown initiated...
2026-08-12T21:43:56.347+09:00  INFO 30412 --- [game-history-lab] [ionShutdownHook] com.zaxxer.hikari.HikariDataSource       : HikariPool-1 - Shutdown completed.
tick_seconds=3180
apply_command=SET @elapsed_seconds=3180; scripts/sql/apply-stage4-workload.sql

  .   ____          _            __ _ _
 /\\ / ___'_ __ _ _(_)_ __  __ _ \ \ \ \
( ( )\___ | '_ | '_| | '_ \/ _` | \ \ \ \
 \\/  ___)| |_)| | | | | || (_| |  ) ) ) )
  '  |____| .__|_| |_|_| |_\__, | / / / /
 =========|_|==============|___/=/_/_/_/

 :: Spring Boot ::                (v4.1.0)

2026-08-12T21:43:57.523+09:00  INFO 30460 --- [game-history-lab] [           main] l.g.GameHistoryLabApplicationKt          : Starting GameHistoryLabApplicationKt v0.0.1-SNAPSHOT using Java 21.0.5 with PID 30460 (/Users/hongseungjun/이직/project/game-history-lab/build/libs/game-history-lab-0.0.1-SNAPSHOT.jar started by hongseungjun in /Users/hongseungjun/이직/project/game-history-lab)
2026-08-12T21:43:57.525+09:00  INFO 30460 --- [game-history-lab] [           main] l.g.GameHistoryLabApplicationKt          : No active profile set, falling back to 1 default profile: "default"
2026-08-12T21:43:58.213+09:00  INFO 30460 --- [game-history-lab] [           main] com.zaxxer.hikari.HikariDataSource       : HikariPool-1 - Starting...
2026-08-12T21:43:58.429+09:00  INFO 30460 --- [game-history-lab] [           main] com.zaxxer.hikari.pool.HikariPool        : HikariPool-1 - Added connection com.mysql.cj.jdbc.ConnectionImpl@c97721b
2026-08-12T21:43:58.430+09:00  INFO 30460 --- [game-history-lab] [           main] com.zaxxer.hikari.HikariDataSource       : HikariPool-1 - Start completed.
2026-08-12T21:43:58.535+09:00  WARN 30460 --- [game-history-lab] [           main] o.s.b.c.l.AbstractListenerFactoryBean    : org.springframework.batch.infrastructure.item.ItemProcessor is an interface. The implementing class will not be queried for annotation based listener configurations. If using @StepScope on a @Bean method, be sure to return the implementing class so listener annotations can be used.
2026-08-12T21:43:58.540+09:00  INFO 30460 --- [game-history-lab] [           main] o.s.b.c.step.item.ChunkOrientedTasklet   : DEPRECATION NOTE: The legacy implementation of the chunk-oriented processing model is deprecated as of Spring Batch 6.0 and will be removed in version 7.0.
2026-08-12T21:43:58.554+09:00  WARN 30460 --- [game-history-lab] [           main] o.s.b.c.l.AbstractListenerFactoryBean    : org.springframework.batch.infrastructure.item.ItemProcessor is an interface. The implementing class will not be queried for annotation based listener configurations. If using @StepScope on a @Bean method, be sure to return the implementing class so listener annotations can be used.
2026-08-12T21:43:58.554+09:00  INFO 30460 --- [game-history-lab] [           main] o.s.b.c.step.item.ChunkOrientedTasklet   : DEPRECATION NOTE: The legacy implementation of the chunk-oriented processing model is deprecated as of Spring Batch 6.0 and will be removed in version 7.0.
2026-08-12T21:43:58.647+09:00  INFO 30460 --- [game-history-lab] [           main] l.g.GameHistoryLabApplicationKt          : Started GameHistoryLabApplicationKt in 1.37 seconds (process running for 1.64)
2026-08-12T21:43:58.720+09:00  INFO 30460 --- [game-history-lab] [           main] o.s.b.c.l.s.TaskExecutorJobLauncher      : Job: [SimpleJob: [name=incrementalGameHistoryReadModelJob]] launched with the following parameters: [{JobParameter{name='failAfterCount', value=0, type=class java.lang.Long, identifying=false},JobParameter{name='upperUpdatedAt', value=2026-08-12T00:53, type=class java.time.LocalDateTime, identifying=true},JobParameter{name='upperGameId', value=9223372036854775807, type=class java.lang.Long, identifying=true},JobParameter{name='lowerUpdatedAt', value=2026-08-12T00:47, type=class java.time.LocalDateTime, identifying=true},JobParameter{name='runId', value=stage4-c60-r53-20260812T124000Z, type=class java.lang.String, identifying=true},JobParameter{name='lowerGameId', value=0, type=class java.lang.Long, identifying=true}}]
2026-08-12T21:43:58.781+09:00  INFO 30460 --- [game-history-lab] [           main] o.s.batch.core.step.AbstractStep         : Executing step: [processIncrementalChangesStep]
2026-08-12T21:43:58.837+09:00  INFO 30460 --- [game-history-lab] [           main] o.s.batch.core.step.AbstractStep         : Step: [processIncrementalChangesStep] executed in 60ms
2026-08-12T21:43:58.880+09:00  INFO 30460 --- [game-history-lab] [           main] o.s.batch.core.step.AbstractStep         : Executing step: [advanceIncrementalCheckpointStep]
2026-08-12T21:43:58.898+09:00  INFO 30460 --- [game-history-lab] [           main] o.s.batch.core.step.AbstractStep         : Step: [advanceIncrementalCheckpointStep] executed in 22ms
2026-08-12T21:43:58.923+09:00  INFO 30460 --- [game-history-lab] [           main] o.s.b.c.l.s.TaskExecutorJobLauncher      : Job: [SimpleJob: [name=incrementalGameHistoryReadModelJob]] completed with the following parameters: [{JobParameter{name='failAfterCount', value=0, type=class java.lang.Long, identifying=false},JobParameter{name='upperUpdatedAt', value=2026-08-12T00:53, type=class java.time.LocalDateTime, identifying=true},JobParameter{name='upperGameId', value=9223372036854775807, type=class java.lang.Long, identifying=true},JobParameter{name='lowerUpdatedAt', value=2026-08-12T00:47, type=class java.time.LocalDateTime, identifying=true},JobParameter{name='runId', value=stage4-c60-r53-20260812T124000Z, type=class java.lang.String, identifying=true},JobParameter{name='lowerGameId', value=0, type=class java.lang.Long, identifying=true}}] and the following status: [COMPLETED] in 168ms
STAGE4_STEP name=processIncrementalChangesStep status=COMPLETED read=1 write=1 commit=1 rollback=0
STAGE4_STEP name=advanceIncrementalCheckpointStep status=COMPLETED read=0 write=0 commit=1 rollback=0
STAGE4_JOB executionId=247 instanceId=243 status=COMPLETED lowerUpdatedAt=2026-08-12T00:47 lowerGameId=0 upperUpdatedAt=2026-08-12T00:53 durationMs=263
2026-08-12T21:43:58.929+09:00  INFO 30460 --- [game-history-lab] [ionShutdownHook] com.zaxxer.hikari.HikariDataSource       : HikariPool-1 - Shutdown initiated...
2026-08-12T21:43:58.935+09:00  INFO 30460 --- [game-history-lab] [ionShutdownHook] com.zaxxer.hikari.HikariDataSource       : HikariPool-1 - Shutdown completed.
tick_seconds=3240
apply_command=SET @elapsed_seconds=3240; scripts/sql/apply-stage4-workload.sql

  .   ____          _            __ _ _
 /\\ / ___'_ __ _ _(_)_ __  __ _ \ \ \ \
( ( )\___ | '_ | '_| | '_ \/ _` | \ \ \ \
 \\/  ___)| |_)| | | | | || (_| |  ) ) ) )
  '  |____| .__|_| |_|_| |_\__, | / / / /
 =========|_|==============|___/=/_/_/_/

 :: Spring Boot ::                (v4.1.0)

2026-08-12T21:44:00.112+09:00  INFO 30508 --- [game-history-lab] [           main] l.g.GameHistoryLabApplicationKt          : Starting GameHistoryLabApplicationKt v0.0.1-SNAPSHOT using Java 21.0.5 with PID 30508 (/Users/hongseungjun/이직/project/game-history-lab/build/libs/game-history-lab-0.0.1-SNAPSHOT.jar started by hongseungjun in /Users/hongseungjun/이직/project/game-history-lab)
2026-08-12T21:44:00.114+09:00  INFO 30508 --- [game-history-lab] [           main] l.g.GameHistoryLabApplicationKt          : No active profile set, falling back to 1 default profile: "default"
2026-08-12T21:44:00.796+09:00  INFO 30508 --- [game-history-lab] [           main] com.zaxxer.hikari.HikariDataSource       : HikariPool-1 - Starting...
2026-08-12T21:44:01.005+09:00  INFO 30508 --- [game-history-lab] [           main] com.zaxxer.hikari.pool.HikariPool        : HikariPool-1 - Added connection com.mysql.cj.jdbc.ConnectionImpl@c97721b
2026-08-12T21:44:01.005+09:00  INFO 30508 --- [game-history-lab] [           main] com.zaxxer.hikari.HikariDataSource       : HikariPool-1 - Start completed.
2026-08-12T21:44:01.121+09:00  WARN 30508 --- [game-history-lab] [           main] o.s.b.c.l.AbstractListenerFactoryBean    : org.springframework.batch.infrastructure.item.ItemProcessor is an interface. The implementing class will not be queried for annotation based listener configurations. If using @StepScope on a @Bean method, be sure to return the implementing class so listener annotations can be used.
2026-08-12T21:44:01.127+09:00  INFO 30508 --- [game-history-lab] [           main] o.s.b.c.step.item.ChunkOrientedTasklet   : DEPRECATION NOTE: The legacy implementation of the chunk-oriented processing model is deprecated as of Spring Batch 6.0 and will be removed in version 7.0.
2026-08-12T21:44:01.144+09:00  WARN 30508 --- [game-history-lab] [           main] o.s.b.c.l.AbstractListenerFactoryBean    : org.springframework.batch.infrastructure.item.ItemProcessor is an interface. The implementing class will not be queried for annotation based listener configurations. If using @StepScope on a @Bean method, be sure to return the implementing class so listener annotations can be used.
2026-08-12T21:44:01.144+09:00  INFO 30508 --- [game-history-lab] [           main] o.s.b.c.step.item.ChunkOrientedTasklet   : DEPRECATION NOTE: The legacy implementation of the chunk-oriented processing model is deprecated as of Spring Batch 6.0 and will be removed in version 7.0.
2026-08-12T21:44:01.228+09:00  INFO 30508 --- [game-history-lab] [           main] l.g.GameHistoryLabApplicationKt          : Started GameHistoryLabApplicationKt in 1.357 seconds (process running for 1.633)
2026-08-12T21:44:01.305+09:00  INFO 30508 --- [game-history-lab] [           main] o.s.b.c.l.s.TaskExecutorJobLauncher      : Job: [SimpleJob: [name=incrementalGameHistoryReadModelJob]] launched with the following parameters: [{JobParameter{name='failAfterCount', value=0, type=class java.lang.Long, identifying=false},JobParameter{name='upperUpdatedAt', value=2026-08-12T00:54, type=class java.time.LocalDateTime, identifying=true},JobParameter{name='upperGameId', value=9223372036854775807, type=class java.lang.Long, identifying=true},JobParameter{name='lowerUpdatedAt', value=2026-08-12T00:48, type=class java.time.LocalDateTime, identifying=true},JobParameter{name='runId', value=stage4-c60-r54-20260812T124000Z, type=class java.lang.String, identifying=true},JobParameter{name='lowerGameId', value=0, type=class java.lang.Long, identifying=true}}]
2026-08-12T21:44:01.372+09:00  INFO 30508 --- [game-history-lab] [           main] o.s.batch.core.step.AbstractStep         : Executing step: [processIncrementalChangesStep]
2026-08-12T21:44:01.432+09:00  INFO 30508 --- [game-history-lab] [           main] o.s.batch.core.step.AbstractStep         : Step: [processIncrementalChangesStep] executed in 66ms
2026-08-12T21:44:01.480+09:00  INFO 30508 --- [game-history-lab] [           main] o.s.batch.core.step.AbstractStep         : Executing step: [advanceIncrementalCheckpointStep]
2026-08-12T21:44:01.489+09:00  INFO 30508 --- [game-history-lab] [           main] o.s.batch.core.step.AbstractStep         : Step: [advanceIncrementalCheckpointStep] executed in 13ms
2026-08-12T21:44:01.513+09:00  INFO 30508 --- [game-history-lab] [           main] o.s.b.c.l.s.TaskExecutorJobLauncher      : Job: [SimpleJob: [name=incrementalGameHistoryReadModelJob]] completed with the following parameters: [{JobParameter{name='failAfterCount', value=0, type=class java.lang.Long, identifying=false},JobParameter{name='upperUpdatedAt', value=2026-08-12T00:54, type=class java.time.LocalDateTime, identifying=true},JobParameter{name='upperGameId', value=9223372036854775807, type=class java.lang.Long, identifying=true},JobParameter{name='lowerUpdatedAt', value=2026-08-12T00:48, type=class java.time.LocalDateTime, identifying=true},JobParameter{name='runId', value=stage4-c60-r54-20260812T124000Z, type=class java.lang.String, identifying=true},JobParameter{name='lowerGameId', value=0, type=class java.lang.Long, identifying=true}}] and the following status: [COMPLETED] in 165ms
STAGE4_STEP name=processIncrementalChangesStep status=COMPLETED read=1 write=1 commit=1 rollback=0
STAGE4_STEP name=advanceIncrementalCheckpointStep status=COMPLETED read=0 write=0 commit=1 rollback=0
STAGE4_JOB executionId=248 instanceId=244 status=COMPLETED lowerUpdatedAt=2026-08-12T00:48 lowerGameId=0 upperUpdatedAt=2026-08-12T00:54 durationMs=272
2026-08-12T21:44:01.519+09:00  INFO 30508 --- [game-history-lab] [ionShutdownHook] com.zaxxer.hikari.HikariDataSource       : HikariPool-1 - Shutdown initiated...
2026-08-12T21:44:01.554+09:00  INFO 30508 --- [game-history-lab] [ionShutdownHook] com.zaxxer.hikari.HikariDataSource       : HikariPool-1 - Shutdown completed.
tick_seconds=3300
apply_command=SET @elapsed_seconds=3300; scripts/sql/apply-stage4-workload.sql

  .   ____          _            __ _ _
 /\\ / ___'_ __ _ _(_)_ __  __ _ \ \ \ \
( ( )\___ | '_ | '_| | '_ \/ _` | \ \ \ \
 \\/  ___)| |_)| | | | | || (_| |  ) ) ) )
  '  |____| .__|_| |_|_| |_\__, | / / / /
 =========|_|==============|___/=/_/_/_/

 :: Spring Boot ::                (v4.1.0)

2026-08-12T21:44:02.707+09:00  INFO 30560 --- [game-history-lab] [           main] l.g.GameHistoryLabApplicationKt          : Starting GameHistoryLabApplicationKt v0.0.1-SNAPSHOT using Java 21.0.5 with PID 30560 (/Users/hongseungjun/이직/project/game-history-lab/build/libs/game-history-lab-0.0.1-SNAPSHOT.jar started by hongseungjun in /Users/hongseungjun/이직/project/game-history-lab)
2026-08-12T21:44:02.709+09:00  INFO 30560 --- [game-history-lab] [           main] l.g.GameHistoryLabApplicationKt          : No active profile set, falling back to 1 default profile: "default"
2026-08-12T21:44:03.517+09:00  INFO 30560 --- [game-history-lab] [           main] com.zaxxer.hikari.HikariDataSource       : HikariPool-1 - Starting...
2026-08-12T21:44:03.742+09:00  INFO 30560 --- [game-history-lab] [           main] com.zaxxer.hikari.pool.HikariPool        : HikariPool-1 - Added connection com.mysql.cj.jdbc.ConnectionImpl@2b79c8ff
2026-08-12T21:44:03.742+09:00  INFO 30560 --- [game-history-lab] [           main] com.zaxxer.hikari.HikariDataSource       : HikariPool-1 - Start completed.
2026-08-12T21:44:03.850+09:00  WARN 30560 --- [game-history-lab] [           main] o.s.b.c.l.AbstractListenerFactoryBean    : org.springframework.batch.infrastructure.item.ItemProcessor is an interface. The implementing class will not be queried for annotation based listener configurations. If using @StepScope on a @Bean method, be sure to return the implementing class so listener annotations can be used.
2026-08-12T21:44:03.857+09:00  INFO 30560 --- [game-history-lab] [           main] o.s.b.c.step.item.ChunkOrientedTasklet   : DEPRECATION NOTE: The legacy implementation of the chunk-oriented processing model is deprecated as of Spring Batch 6.0 and will be removed in version 7.0.
2026-08-12T21:44:03.875+09:00  WARN 30560 --- [game-history-lab] [           main] o.s.b.c.l.AbstractListenerFactoryBean    : org.springframework.batch.infrastructure.item.ItemProcessor is an interface. The implementing class will not be queried for annotation based listener configurations. If using @StepScope on a @Bean method, be sure to return the implementing class so listener annotations can be used.
2026-08-12T21:44:03.875+09:00  INFO 30560 --- [game-history-lab] [           main] o.s.b.c.step.item.ChunkOrientedTasklet   : DEPRECATION NOTE: The legacy implementation of the chunk-oriented processing model is deprecated as of Spring Batch 6.0 and will be removed in version 7.0.
2026-08-12T21:44:03.960+09:00  INFO 30560 --- [game-history-lab] [           main] l.g.GameHistoryLabApplicationKt          : Started GameHistoryLabApplicationKt in 1.499 seconds (process running for 1.771)
2026-08-12T21:44:04.035+09:00  INFO 30560 --- [game-history-lab] [           main] o.s.b.c.l.s.TaskExecutorJobLauncher      : Job: [SimpleJob: [name=incrementalGameHistoryReadModelJob]] launched with the following parameters: [{JobParameter{name='failAfterCount', value=0, type=class java.lang.Long, identifying=false},JobParameter{name='upperUpdatedAt', value=2026-08-12T00:55, type=class java.time.LocalDateTime, identifying=true},JobParameter{name='upperGameId', value=9223372036854775807, type=class java.lang.Long, identifying=true},JobParameter{name='lowerUpdatedAt', value=2026-08-12T00:49, type=class java.time.LocalDateTime, identifying=true},JobParameter{name='runId', value=stage4-c60-r55-20260812T124000Z, type=class java.lang.String, identifying=true},JobParameter{name='lowerGameId', value=0, type=class java.lang.Long, identifying=true}}]
2026-08-12T21:44:04.096+09:00  INFO 30560 --- [game-history-lab] [           main] o.s.batch.core.step.AbstractStep         : Executing step: [processIncrementalChangesStep]
2026-08-12T21:44:04.151+09:00  INFO 30560 --- [game-history-lab] [           main] o.s.batch.core.step.AbstractStep         : Step: [processIncrementalChangesStep] executed in 57ms
2026-08-12T21:44:04.185+09:00  INFO 30560 --- [game-history-lab] [           main] o.s.batch.core.step.AbstractStep         : Executing step: [advanceIncrementalCheckpointStep]
2026-08-12T21:44:04.194+09:00  INFO 30560 --- [game-history-lab] [           main] o.s.batch.core.step.AbstractStep         : Step: [advanceIncrementalCheckpointStep] executed in 12ms
2026-08-12T21:44:04.218+09:00  INFO 30560 --- [game-history-lab] [           main] o.s.b.c.l.s.TaskExecutorJobLauncher      : Job: [SimpleJob: [name=incrementalGameHistoryReadModelJob]] completed with the following parameters: [{JobParameter{name='failAfterCount', value=0, type=class java.lang.Long, identifying=false},JobParameter{name='upperUpdatedAt', value=2026-08-12T00:55, type=class java.time.LocalDateTime, identifying=true},JobParameter{name='upperGameId', value=9223372036854775807, type=class java.lang.Long, identifying=true},JobParameter{name='lowerUpdatedAt', value=2026-08-12T00:49, type=class java.time.LocalDateTime, identifying=true},JobParameter{name='runId', value=stage4-c60-r55-20260812T124000Z, type=class java.lang.String, identifying=true},JobParameter{name='lowerGameId', value=0, type=class java.lang.Long, identifying=true}}] and the following status: [COMPLETED] in 145ms
STAGE4_STEP name=processIncrementalChangesStep status=COMPLETED read=1 write=1 commit=1 rollback=0
STAGE4_STEP name=advanceIncrementalCheckpointStep status=COMPLETED read=0 write=0 commit=1 rollback=0
STAGE4_JOB executionId=249 instanceId=245 status=COMPLETED lowerUpdatedAt=2026-08-12T00:49 lowerGameId=0 upperUpdatedAt=2026-08-12T00:55 durationMs=244
2026-08-12T21:44:04.224+09:00  INFO 30560 --- [game-history-lab] [ionShutdownHook] com.zaxxer.hikari.HikariDataSource       : HikariPool-1 - Shutdown initiated...
2026-08-12T21:44:04.260+09:00  INFO 30560 --- [game-history-lab] [ionShutdownHook] com.zaxxer.hikari.HikariDataSource       : HikariPool-1 - Shutdown completed.
tick_seconds=3360
apply_command=SET @elapsed_seconds=3360; scripts/sql/apply-stage4-workload.sql

  .   ____          _            __ _ _
 /\\ / ___'_ __ _ _(_)_ __  __ _ \ \ \ \
( ( )\___ | '_ | '_| | '_ \/ _` | \ \ \ \
 \\/  ___)| |_)| | | | | || (_| |  ) ) ) )
  '  |____| .__|_| |_|_| |_\__, | / / / /
 =========|_|==============|___/=/_/_/_/

 :: Spring Boot ::                (v4.1.0)

2026-08-12T21:44:05.462+09:00  INFO 30714 --- [game-history-lab] [           main] l.g.GameHistoryLabApplicationKt          : Starting GameHistoryLabApplicationKt v0.0.1-SNAPSHOT using Java 21.0.5 with PID 30714 (/Users/hongseungjun/이직/project/game-history-lab/build/libs/game-history-lab-0.0.1-SNAPSHOT.jar started by hongseungjun in /Users/hongseungjun/이직/project/game-history-lab)
2026-08-12T21:44:05.464+09:00  INFO 30714 --- [game-history-lab] [           main] l.g.GameHistoryLabApplicationKt          : No active profile set, falling back to 1 default profile: "default"
2026-08-12T21:44:06.215+09:00  INFO 30714 --- [game-history-lab] [           main] com.zaxxer.hikari.HikariDataSource       : HikariPool-1 - Starting...
2026-08-12T21:44:06.427+09:00  INFO 30714 --- [game-history-lab] [           main] com.zaxxer.hikari.pool.HikariPool        : HikariPool-1 - Added connection com.mysql.cj.jdbc.ConnectionImpl@c97721b
2026-08-12T21:44:06.428+09:00  INFO 30714 --- [game-history-lab] [           main] com.zaxxer.hikari.HikariDataSource       : HikariPool-1 - Start completed.
2026-08-12T21:44:06.547+09:00  WARN 30714 --- [game-history-lab] [           main] o.s.b.c.l.AbstractListenerFactoryBean    : org.springframework.batch.infrastructure.item.ItemProcessor is an interface. The implementing class will not be queried for annotation based listener configurations. If using @StepScope on a @Bean method, be sure to return the implementing class so listener annotations can be used.
2026-08-12T21:44:06.553+09:00  INFO 30714 --- [game-history-lab] [           main] o.s.b.c.step.item.ChunkOrientedTasklet   : DEPRECATION NOTE: The legacy implementation of the chunk-oriented processing model is deprecated as of Spring Batch 6.0 and will be removed in version 7.0.
2026-08-12T21:44:06.572+09:00  WARN 30714 --- [game-history-lab] [           main] o.s.b.c.l.AbstractListenerFactoryBean    : org.springframework.batch.infrastructure.item.ItemProcessor is an interface. The implementing class will not be queried for annotation based listener configurations. If using @StepScope on a @Bean method, be sure to return the implementing class so listener annotations can be used.
2026-08-12T21:44:06.572+09:00  INFO 30714 --- [game-history-lab] [           main] o.s.b.c.step.item.ChunkOrientedTasklet   : DEPRECATION NOTE: The legacy implementation of the chunk-oriented processing model is deprecated as of Spring Batch 6.0 and will be removed in version 7.0.
2026-08-12T21:44:06.680+09:00  INFO 30714 --- [game-history-lab] [           main] l.g.GameHistoryLabApplicationKt          : Started GameHistoryLabApplicationKt in 1.473 seconds (process running for 1.782)
2026-08-12T21:44:06.754+09:00  INFO 30714 --- [game-history-lab] [           main] o.s.b.c.l.s.TaskExecutorJobLauncher      : Job: [SimpleJob: [name=incrementalGameHistoryReadModelJob]] launched with the following parameters: [{JobParameter{name='failAfterCount', value=0, type=class java.lang.Long, identifying=false},JobParameter{name='upperUpdatedAt', value=2026-08-12T00:56, type=class java.time.LocalDateTime, identifying=true},JobParameter{name='upperGameId', value=9223372036854775807, type=class java.lang.Long, identifying=true},JobParameter{name='lowerUpdatedAt', value=2026-08-12T00:50, type=class java.time.LocalDateTime, identifying=true},JobParameter{name='runId', value=stage4-c60-r56-20260812T124000Z, type=class java.lang.String, identifying=true},JobParameter{name='lowerGameId', value=0, type=class java.lang.Long, identifying=true}}]
2026-08-12T21:44:06.811+09:00  INFO 30714 --- [game-history-lab] [           main] o.s.batch.core.step.AbstractStep         : Executing step: [processIncrementalChangesStep]
2026-08-12T21:44:06.862+09:00  INFO 30714 --- [game-history-lab] [           main] o.s.batch.core.step.AbstractStep         : Step: [processIncrementalChangesStep] executed in 54ms
2026-08-12T21:44:06.906+09:00  INFO 30714 --- [game-history-lab] [           main] o.s.batch.core.step.AbstractStep         : Executing step: [advanceIncrementalCheckpointStep]
2026-08-12T21:44:06.916+09:00  INFO 30714 --- [game-history-lab] [           main] o.s.batch.core.step.AbstractStep         : Step: [advanceIncrementalCheckpointStep] executed in 13ms
2026-08-12T21:44:06.945+09:00  INFO 30714 --- [game-history-lab] [           main] o.s.b.c.l.s.TaskExecutorJobLauncher      : Job: [SimpleJob: [name=incrementalGameHistoryReadModelJob]] completed with the following parameters: [{JobParameter{name='failAfterCount', value=0, type=class java.lang.Long, identifying=false},JobParameter{name='upperUpdatedAt', value=2026-08-12T00:56, type=class java.time.LocalDateTime, identifying=true},JobParameter{name='upperGameId', value=9223372036854775807, type=class java.lang.Long, identifying=true},JobParameter{name='lowerUpdatedAt', value=2026-08-12T00:50, type=class java.time.LocalDateTime, identifying=true},JobParameter{name='runId', value=stage4-c60-r56-20260812T124000Z, type=class java.lang.String, identifying=true},JobParameter{name='lowerGameId', value=0, type=class java.lang.Long, identifying=true}}] and the following status: [COMPLETED] in 151ms
STAGE4_STEP name=processIncrementalChangesStep status=COMPLETED read=0 write=0 commit=1 rollback=0
STAGE4_STEP name=advanceIncrementalCheckpointStep status=COMPLETED read=0 write=0 commit=1 rollback=0
STAGE4_JOB executionId=250 instanceId=246 status=COMPLETED lowerUpdatedAt=2026-08-12T00:50 lowerGameId=0 upperUpdatedAt=2026-08-12T00:56 durationMs=251
2026-08-12T21:44:06.951+09:00  INFO 30714 --- [game-history-lab] [ionShutdownHook] com.zaxxer.hikari.HikariDataSource       : HikariPool-1 - Shutdown initiated...
2026-08-12T21:44:06.963+09:00  INFO 30714 --- [game-history-lab] [ionShutdownHook] com.zaxxer.hikari.HikariDataSource       : HikariPool-1 - Shutdown completed.
tick_seconds=3420
apply_command=SET @elapsed_seconds=3420; scripts/sql/apply-stage4-workload.sql

  .   ____          _            __ _ _
 /\\ / ___'_ __ _ _(_)_ __  __ _ \ \ \ \
( ( )\___ | '_ | '_| | '_ \/ _` | \ \ \ \
 \\/  ___)| |_)| | | | | || (_| |  ) ) ) )
  '  |____| .__|_| |_|_| |_\__, | / / / /
 =========|_|==============|___/=/_/_/_/

 :: Spring Boot ::                (v4.1.0)

2026-08-12T21:44:08.140+09:00  INFO 30766 --- [game-history-lab] [           main] l.g.GameHistoryLabApplicationKt          : Starting GameHistoryLabApplicationKt v0.0.1-SNAPSHOT using Java 21.0.5 with PID 30766 (/Users/hongseungjun/이직/project/game-history-lab/build/libs/game-history-lab-0.0.1-SNAPSHOT.jar started by hongseungjun in /Users/hongseungjun/이직/project/game-history-lab)
2026-08-12T21:44:08.142+09:00  INFO 30766 --- [game-history-lab] [           main] l.g.GameHistoryLabApplicationKt          : No active profile set, falling back to 1 default profile: "default"
2026-08-12T21:44:08.852+09:00  INFO 30766 --- [game-history-lab] [           main] com.zaxxer.hikari.HikariDataSource       : HikariPool-1 - Starting...
2026-08-12T21:44:09.065+09:00  INFO 30766 --- [game-history-lab] [           main] com.zaxxer.hikari.pool.HikariPool        : HikariPool-1 - Added connection com.mysql.cj.jdbc.ConnectionImpl@c97721b
2026-08-12T21:44:09.066+09:00  INFO 30766 --- [game-history-lab] [           main] com.zaxxer.hikari.HikariDataSource       : HikariPool-1 - Start completed.
2026-08-12T21:44:09.195+09:00  WARN 30766 --- [game-history-lab] [           main] o.s.b.c.l.AbstractListenerFactoryBean    : org.springframework.batch.infrastructure.item.ItemProcessor is an interface. The implementing class will not be queried for annotation based listener configurations. If using @StepScope on a @Bean method, be sure to return the implementing class so listener annotations can be used.
2026-08-12T21:44:09.200+09:00  INFO 30766 --- [game-history-lab] [           main] o.s.b.c.step.item.ChunkOrientedTasklet   : DEPRECATION NOTE: The legacy implementation of the chunk-oriented processing model is deprecated as of Spring Batch 6.0 and will be removed in version 7.0.
2026-08-12T21:44:09.219+09:00  WARN 30766 --- [game-history-lab] [           main] o.s.b.c.l.AbstractListenerFactoryBean    : org.springframework.batch.infrastructure.item.ItemProcessor is an interface. The implementing class will not be queried for annotation based listener configurations. If using @StepScope on a @Bean method, be sure to return the implementing class so listener annotations can be used.
2026-08-12T21:44:09.219+09:00  INFO 30766 --- [game-history-lab] [           main] o.s.b.c.step.item.ChunkOrientedTasklet   : DEPRECATION NOTE: The legacy implementation of the chunk-oriented processing model is deprecated as of Spring Batch 6.0 and will be removed in version 7.0.
2026-08-12T21:44:09.305+09:00  INFO 30766 --- [game-history-lab] [           main] l.g.GameHistoryLabApplicationKt          : Started GameHistoryLabApplicationKt in 1.407 seconds (process running for 1.68)
2026-08-12T21:44:09.374+09:00  INFO 30766 --- [game-history-lab] [           main] o.s.b.c.l.s.TaskExecutorJobLauncher      : Job: [SimpleJob: [name=incrementalGameHistoryReadModelJob]] launched with the following parameters: [{JobParameter{name='failAfterCount', value=0, type=class java.lang.Long, identifying=false},JobParameter{name='upperUpdatedAt', value=2026-08-12T00:57, type=class java.time.LocalDateTime, identifying=true},JobParameter{name='upperGameId', value=9223372036854775807, type=class java.lang.Long, identifying=true},JobParameter{name='lowerUpdatedAt', value=2026-08-12T00:51, type=class java.time.LocalDateTime, identifying=true},JobParameter{name='runId', value=stage4-c60-r57-20260812T124000Z, type=class java.lang.String, identifying=true},JobParameter{name='lowerGameId', value=0, type=class java.lang.Long, identifying=true}}]
2026-08-12T21:44:09.430+09:00  INFO 30766 --- [game-history-lab] [           main] o.s.batch.core.step.AbstractStep         : Executing step: [processIncrementalChangesStep]
2026-08-12T21:44:09.482+09:00  INFO 30766 --- [game-history-lab] [           main] o.s.batch.core.step.AbstractStep         : Step: [processIncrementalChangesStep] executed in 55ms
2026-08-12T21:44:09.523+09:00  INFO 30766 --- [game-history-lab] [           main] o.s.batch.core.step.AbstractStep         : Executing step: [advanceIncrementalCheckpointStep]
2026-08-12T21:44:09.534+09:00  INFO 30766 --- [game-history-lab] [           main] o.s.batch.core.step.AbstractStep         : Step: [advanceIncrementalCheckpointStep] executed in 15ms
2026-08-12T21:44:09.564+09:00  INFO 30766 --- [game-history-lab] [           main] o.s.b.c.l.s.TaskExecutorJobLauncher      : Job: [SimpleJob: [name=incrementalGameHistoryReadModelJob]] completed with the following parameters: [{JobParameter{name='failAfterCount', value=0, type=class java.lang.Long, identifying=false},JobParameter{name='upperUpdatedAt', value=2026-08-12T00:57, type=class java.time.LocalDateTime, identifying=true},JobParameter{name='upperGameId', value=9223372036854775807, type=class java.lang.Long, identifying=true},JobParameter{name='lowerUpdatedAt', value=2026-08-12T00:51, type=class java.time.LocalDateTime, identifying=true},JobParameter{name='runId', value=stage4-c60-r57-20260812T124000Z, type=class java.lang.String, identifying=true},JobParameter{name='lowerGameId', value=0, type=class java.lang.Long, identifying=true}}] and the following status: [COMPLETED] in 149ms
STAGE4_STEP name=processIncrementalChangesStep status=COMPLETED read=0 write=0 commit=1 rollback=0
STAGE4_STEP name=advanceIncrementalCheckpointStep status=COMPLETED read=0 write=0 commit=1 rollback=0
STAGE4_JOB executionId=251 instanceId=247 status=COMPLETED lowerUpdatedAt=2026-08-12T00:51 lowerGameId=0 upperUpdatedAt=2026-08-12T00:57 durationMs=246
2026-08-12T21:44:09.571+09:00  INFO 30766 --- [game-history-lab] [ionShutdownHook] com.zaxxer.hikari.HikariDataSource       : HikariPool-1 - Shutdown initiated...
2026-08-12T21:44:09.577+09:00  INFO 30766 --- [game-history-lab] [ionShutdownHook] com.zaxxer.hikari.HikariDataSource       : HikariPool-1 - Shutdown completed.
tick_seconds=3480
apply_command=SET @elapsed_seconds=3480; scripts/sql/apply-stage4-workload.sql

  .   ____          _            __ _ _
 /\\ / ___'_ __ _ _(_)_ __  __ _ \ \ \ \
( ( )\___ | '_ | '_| | '_ \/ _` | \ \ \ \
 \\/  ___)| |_)| | | | | || (_| |  ) ) ) )
  '  |____| .__|_| |_|_| |_\__, | / / / /
 =========|_|==============|___/=/_/_/_/

 :: Spring Boot ::                (v4.1.0)

2026-08-12T21:44:10.757+09:00  INFO 30814 --- [game-history-lab] [           main] l.g.GameHistoryLabApplicationKt          : Starting GameHistoryLabApplicationKt v0.0.1-SNAPSHOT using Java 21.0.5 with PID 30814 (/Users/hongseungjun/이직/project/game-history-lab/build/libs/game-history-lab-0.0.1-SNAPSHOT.jar started by hongseungjun in /Users/hongseungjun/이직/project/game-history-lab)
2026-08-12T21:44:10.759+09:00  INFO 30814 --- [game-history-lab] [           main] l.g.GameHistoryLabApplicationKt          : No active profile set, falling back to 1 default profile: "default"
2026-08-12T21:44:11.512+09:00  INFO 30814 --- [game-history-lab] [           main] com.zaxxer.hikari.HikariDataSource       : HikariPool-1 - Starting...
2026-08-12T21:44:11.763+09:00  INFO 30814 --- [game-history-lab] [           main] com.zaxxer.hikari.pool.HikariPool        : HikariPool-1 - Added connection com.mysql.cj.jdbc.ConnectionImpl@c97721b
2026-08-12T21:44:11.763+09:00  INFO 30814 --- [game-history-lab] [           main] com.zaxxer.hikari.HikariDataSource       : HikariPool-1 - Start completed.
2026-08-12T21:44:11.875+09:00  WARN 30814 --- [game-history-lab] [           main] o.s.b.c.l.AbstractListenerFactoryBean    : org.springframework.batch.infrastructure.item.ItemProcessor is an interface. The implementing class will not be queried for annotation based listener configurations. If using @StepScope on a @Bean method, be sure to return the implementing class so listener annotations can be used.
2026-08-12T21:44:11.880+09:00  INFO 30814 --- [game-history-lab] [           main] o.s.b.c.step.item.ChunkOrientedTasklet   : DEPRECATION NOTE: The legacy implementation of the chunk-oriented processing model is deprecated as of Spring Batch 6.0 and will be removed in version 7.0.
2026-08-12T21:44:11.899+09:00  WARN 30814 --- [game-history-lab] [           main] o.s.b.c.l.AbstractListenerFactoryBean    : org.springframework.batch.infrastructure.item.ItemProcessor is an interface. The implementing class will not be queried for annotation based listener configurations. If using @StepScope on a @Bean method, be sure to return the implementing class so listener annotations can be used.
2026-08-12T21:44:11.899+09:00  INFO 30814 --- [game-history-lab] [           main] o.s.b.c.step.item.ChunkOrientedTasklet   : DEPRECATION NOTE: The legacy implementation of the chunk-oriented processing model is deprecated as of Spring Batch 6.0 and will be removed in version 7.0.
2026-08-12T21:44:12.000+09:00  INFO 30814 --- [game-history-lab] [           main] l.g.GameHistoryLabApplicationKt          : Started GameHistoryLabApplicationKt in 1.492 seconds (process running for 1.769)
2026-08-12T21:44:12.084+09:00  INFO 30814 --- [game-history-lab] [           main] o.s.b.c.l.s.TaskExecutorJobLauncher      : Job: [SimpleJob: [name=incrementalGameHistoryReadModelJob]] launched with the following parameters: [{JobParameter{name='failAfterCount', value=0, type=class java.lang.Long, identifying=false},JobParameter{name='upperUpdatedAt', value=2026-08-12T00:58, type=class java.time.LocalDateTime, identifying=true},JobParameter{name='upperGameId', value=9223372036854775807, type=class java.lang.Long, identifying=true},JobParameter{name='lowerUpdatedAt', value=2026-08-12T00:52, type=class java.time.LocalDateTime, identifying=true},JobParameter{name='runId', value=stage4-c60-r58-20260812T124000Z, type=class java.lang.String, identifying=true},JobParameter{name='lowerGameId', value=0, type=class java.lang.Long, identifying=true}}]
2026-08-12T21:44:12.153+09:00  INFO 30814 --- [game-history-lab] [           main] o.s.batch.core.step.AbstractStep         : Executing step: [processIncrementalChangesStep]
2026-08-12T21:44:12.219+09:00  INFO 30814 --- [game-history-lab] [           main] o.s.batch.core.step.AbstractStep         : Step: [processIncrementalChangesStep] executed in 70ms
2026-08-12T21:44:12.258+09:00  INFO 30814 --- [game-history-lab] [           main] o.s.batch.core.step.AbstractStep         : Executing step: [advanceIncrementalCheckpointStep]
2026-08-12T21:44:12.274+09:00  INFO 30814 --- [game-history-lab] [           main] o.s.batch.core.step.AbstractStep         : Step: [advanceIncrementalCheckpointStep] executed in 19ms
2026-08-12T21:44:12.296+09:00  INFO 30814 --- [game-history-lab] [           main] o.s.b.c.l.s.TaskExecutorJobLauncher      : Job: [SimpleJob: [name=incrementalGameHistoryReadModelJob]] completed with the following parameters: [{JobParameter{name='failAfterCount', value=0, type=class java.lang.Long, identifying=false},JobParameter{name='upperUpdatedAt', value=2026-08-12T00:58, type=class java.time.LocalDateTime, identifying=true},JobParameter{name='upperGameId', value=9223372036854775807, type=class java.lang.Long, identifying=true},JobParameter{name='lowerUpdatedAt', value=2026-08-12T00:52, type=class java.time.LocalDateTime, identifying=true},JobParameter{name='runId', value=stage4-c60-r58-20260812T124000Z, type=class java.lang.String, identifying=true},JobParameter{name='lowerGameId', value=0, type=class java.lang.Long, identifying=true}}] and the following status: [COMPLETED] in 173ms
STAGE4_STEP name=processIncrementalChangesStep status=COMPLETED read=0 write=0 commit=1 rollback=0
STAGE4_STEP name=advanceIncrementalCheckpointStep status=COMPLETED read=0 write=0 commit=1 rollback=0
STAGE4_JOB executionId=252 instanceId=248 status=COMPLETED lowerUpdatedAt=2026-08-12T00:52 lowerGameId=0 upperUpdatedAt=2026-08-12T00:58 durationMs=284
2026-08-12T21:44:12.306+09:00  INFO 30814 --- [game-history-lab] [ionShutdownHook] com.zaxxer.hikari.HikariDataSource       : HikariPool-1 - Shutdown initiated...
2026-08-12T21:44:12.357+09:00  INFO 30814 --- [game-history-lab] [ionShutdownHook] com.zaxxer.hikari.HikariDataSource       : HikariPool-1 - Shutdown completed.
tick_seconds=3540
apply_command=SET @elapsed_seconds=3540; scripts/sql/apply-stage4-workload.sql

  .   ____          _            __ _ _
 /\\ / ___'_ __ _ _(_)_ __  __ _ \ \ \ \
( ( )\___ | '_ | '_| | '_ \/ _` | \ \ \ \
 \\/  ___)| |_)| | | | | || (_| |  ) ) ) )
  '  |____| .__|_| |_|_| |_\__, | / / / /
 =========|_|==============|___/=/_/_/_/

 :: Spring Boot ::                (v4.1.0)

2026-08-12T21:48:26.470+09:00  INFO 30864 --- [game-history-lab] [           main] l.g.GameHistoryLabApplicationKt          : Starting GameHistoryLabApplicationKt v0.0.1-SNAPSHOT using Java 21.0.5 with PID 30864 (/Users/hongseungjun/이직/project/game-history-lab/build/libs/game-history-lab-0.0.1-SNAPSHOT.jar started by hongseungjun in /Users/hongseungjun/이직/project/game-history-lab)
2026-08-12T21:48:26.472+09:00  INFO 30864 --- [game-history-lab] [           main] l.g.GameHistoryLabApplicationKt          : No active profile set, falling back to 1 default profile: "default"
2026-08-12T21:48:27.278+09:00  INFO 30864 --- [game-history-lab] [           main] com.zaxxer.hikari.HikariDataSource       : HikariPool-1 - Starting...
2026-08-12T21:48:27.558+09:00  INFO 30864 --- [game-history-lab] [           main] com.zaxxer.hikari.pool.HikariPool        : HikariPool-1 - Added connection com.mysql.cj.jdbc.ConnectionImpl@c97721b
2026-08-12T21:48:27.559+09:00  INFO 30864 --- [game-history-lab] [           main] com.zaxxer.hikari.HikariDataSource       : HikariPool-1 - Start completed.
2026-08-12T21:48:27.671+09:00  WARN 30864 --- [game-history-lab] [           main] o.s.b.c.l.AbstractListenerFactoryBean    : org.springframework.batch.infrastructure.item.ItemProcessor is an interface. The implementing class will not be queried for annotation based listener configurations. If using @StepScope on a @Bean method, be sure to return the implementing class so listener annotations can be used.
2026-08-12T21:48:27.675+09:00  INFO 30864 --- [game-history-lab] [           main] o.s.b.c.step.item.ChunkOrientedTasklet   : DEPRECATION NOTE: The legacy implementation of the chunk-oriented processing model is deprecated as of Spring Batch 6.0 and will be removed in version 7.0.
2026-08-12T21:48:27.696+09:00  WARN 30864 --- [game-history-lab] [           main] o.s.b.c.l.AbstractListenerFactoryBean    : org.springframework.batch.infrastructure.item.ItemProcessor is an interface. The implementing class will not be queried for annotation based listener configurations. If using @StepScope on a @Bean method, be sure to return the implementing class so listener annotations can be used.
2026-08-12T21:48:27.696+09:00  INFO 30864 --- [game-history-lab] [           main] o.s.b.c.step.item.ChunkOrientedTasklet   : DEPRECATION NOTE: The legacy implementation of the chunk-oriented processing model is deprecated as of Spring Batch 6.0 and will be removed in version 7.0.
2026-08-12T21:48:27.778+09:00  INFO 30864 --- [game-history-lab] [           main] l.g.GameHistoryLabApplicationKt          : Started GameHistoryLabApplicationKt in 254.465 seconds (process running for 2.028)
2026-08-12T21:48:27.842+09:00  INFO 30864 --- [game-history-lab] [           main] o.s.b.c.l.s.TaskExecutorJobLauncher      : Job: [SimpleJob: [name=incrementalGameHistoryReadModelJob]] launched with the following parameters: [{JobParameter{name='failAfterCount', value=0, type=class java.lang.Long, identifying=false},JobParameter{name='upperUpdatedAt', value=2026-08-12T00:59, type=class java.time.LocalDateTime, identifying=true},JobParameter{name='upperGameId', value=9223372036854775807, type=class java.lang.Long, identifying=true},JobParameter{name='lowerUpdatedAt', value=2026-08-12T00:53, type=class java.time.LocalDateTime, identifying=true},JobParameter{name='runId', value=stage4-c60-r59-20260812T124000Z, type=class java.lang.String, identifying=true},JobParameter{name='lowerGameId', value=0, type=class java.lang.Long, identifying=true}}]
2026-08-12T21:48:27.899+09:00  INFO 30864 --- [game-history-lab] [           main] o.s.batch.core.step.AbstractStep         : Executing step: [processIncrementalChangesStep]
2026-08-12T21:48:27.963+09:00  INFO 30864 --- [game-history-lab] [           main] o.s.batch.core.step.AbstractStep         : Step: [processIncrementalChangesStep] executed in 67ms
2026-08-12T21:48:28.000+09:00  INFO 30864 --- [game-history-lab] [           main] o.s.batch.core.step.AbstractStep         : Executing step: [advanceIncrementalCheckpointStep]
2026-08-12T21:48:28.009+09:00  INFO 30864 --- [game-history-lab] [           main] o.s.batch.core.step.AbstractStep         : Step: [advanceIncrementalCheckpointStep] executed in 12ms
2026-08-12T21:48:28.035+09:00  INFO 30864 --- [game-history-lab] [           main] o.s.b.c.l.s.TaskExecutorJobLauncher      : Job: [SimpleJob: [name=incrementalGameHistoryReadModelJob]] completed with the following parameters: [{JobParameter{name='failAfterCount', value=0, type=class java.lang.Long, identifying=false},JobParameter{name='upperUpdatedAt', value=2026-08-12T00:59, type=class java.time.LocalDateTime, identifying=true},JobParameter{name='upperGameId', value=9223372036854775807, type=class java.lang.Long, identifying=true},JobParameter{name='lowerUpdatedAt', value=2026-08-12T00:53, type=class java.time.LocalDateTime, identifying=true},JobParameter{name='runId', value=stage4-c60-r59-20260812T124000Z, type=class java.lang.String, identifying=true},JobParameter{name='lowerGameId', value=0, type=class java.lang.Long, identifying=true}}] and the following status: [COMPLETED] in 158ms
STAGE4_STEP name=processIncrementalChangesStep status=COMPLETED read=0 write=0 commit=1 rollback=0
STAGE4_STEP name=advanceIncrementalCheckpointStep status=COMPLETED read=0 write=0 commit=1 rollback=0
STAGE4_JOB executionId=253 instanceId=249 status=COMPLETED lowerUpdatedAt=2026-08-12T00:53 lowerGameId=0 upperUpdatedAt=2026-08-12T00:59 durationMs=245
2026-08-12T21:48:28.041+09:00  INFO 30864 --- [game-history-lab] [ionShutdownHook] com.zaxxer.hikari.HikariDataSource       : HikariPool-1 - Shutdown initiated...
2026-08-12T21:48:28.051+09:00  INFO 30864 --- [game-history-lab] [ionShutdownHook] com.zaxxer.hikari.HikariDataSource       : HikariPool-1 - Shutdown completed.
tick_seconds=3600
apply_command=SET @elapsed_seconds=3600; scripts/sql/apply-stage4-workload.sql

  .   ____          _            __ _ _
 /\\ / ___'_ __ _ _(_)_ __  __ _ \ \ \ \
( ( )\___ | '_ | '_| | '_ \/ _` | \ \ \ \
 \\/  ___)| |_)| | | | | || (_| |  ) ) ) )
  '  |____| .__|_| |_|_| |_\__, | / / / /
 =========|_|==============|___/=/_/_/_/

 :: Spring Boot ::                (v4.1.0)

2026-08-12T21:48:29.334+09:00  INFO 31025 --- [game-history-lab] [           main] l.g.GameHistoryLabApplicationKt          : Starting GameHistoryLabApplicationKt v0.0.1-SNAPSHOT using Java 21.0.5 with PID 31025 (/Users/hongseungjun/이직/project/game-history-lab/build/libs/game-history-lab-0.0.1-SNAPSHOT.jar started by hongseungjun in /Users/hongseungjun/이직/project/game-history-lab)
2026-08-12T21:48:29.336+09:00  INFO 31025 --- [game-history-lab] [           main] l.g.GameHistoryLabApplicationKt          : No active profile set, falling back to 1 default profile: "default"
2026-08-12T21:48:30.098+09:00  INFO 31025 --- [game-history-lab] [           main] com.zaxxer.hikari.HikariDataSource       : HikariPool-1 - Starting...
2026-08-12T21:48:30.315+09:00  INFO 31025 --- [game-history-lab] [           main] com.zaxxer.hikari.pool.HikariPool        : HikariPool-1 - Added connection com.mysql.cj.jdbc.ConnectionImpl@c97721b
2026-08-12T21:48:30.316+09:00  INFO 31025 --- [game-history-lab] [           main] com.zaxxer.hikari.HikariDataSource       : HikariPool-1 - Start completed.
2026-08-12T21:48:30.432+09:00  WARN 31025 --- [game-history-lab] [           main] o.s.b.c.l.AbstractListenerFactoryBean    : org.springframework.batch.infrastructure.item.ItemProcessor is an interface. The implementing class will not be queried for annotation based listener configurations. If using @StepScope on a @Bean method, be sure to return the implementing class so listener annotations can be used.
2026-08-12T21:48:30.437+09:00  INFO 31025 --- [game-history-lab] [           main] o.s.b.c.step.item.ChunkOrientedTasklet   : DEPRECATION NOTE: The legacy implementation of the chunk-oriented processing model is deprecated as of Spring Batch 6.0 and will be removed in version 7.0.
2026-08-12T21:48:30.457+09:00  WARN 31025 --- [game-history-lab] [           main] o.s.b.c.l.AbstractListenerFactoryBean    : org.springframework.batch.infrastructure.item.ItemProcessor is an interface. The implementing class will not be queried for annotation based listener configurations. If using @StepScope on a @Bean method, be sure to return the implementing class so listener annotations can be used.
2026-08-12T21:48:30.457+09:00  INFO 31025 --- [game-history-lab] [           main] o.s.b.c.step.item.ChunkOrientedTasklet   : DEPRECATION NOTE: The legacy implementation of the chunk-oriented processing model is deprecated as of Spring Batch 6.0 and will be removed in version 7.0.
2026-08-12T21:48:30.558+09:00  INFO 31025 --- [game-history-lab] [           main] l.g.GameHistoryLabApplicationKt          : Started GameHistoryLabApplicationKt in 1.474 seconds (process running for 1.821)
2026-08-12T21:48:30.644+09:00  INFO 31025 --- [game-history-lab] [           main] o.s.b.c.l.s.TaskExecutorJobLauncher      : Job: [SimpleJob: [name=incrementalGameHistoryReadModelJob]] launched with the following parameters: [{JobParameter{name='failAfterCount', value=0, type=class java.lang.Long, identifying=false},JobParameter{name='upperUpdatedAt', value=2026-08-12T01:00, type=class java.time.LocalDateTime, identifying=true},JobParameter{name='upperGameId', value=9223372036854775807, type=class java.lang.Long, identifying=true},JobParameter{name='lowerUpdatedAt', value=2026-08-12T00:54, type=class java.time.LocalDateTime, identifying=true},JobParameter{name='runId', value=stage4-c60-r60-20260812T124000Z, type=class java.lang.String, identifying=true},JobParameter{name='lowerGameId', value=0, type=class java.lang.Long, identifying=true}}]
2026-08-12T21:48:30.704+09:00  INFO 31025 --- [game-history-lab] [           main] o.s.batch.core.step.AbstractStep         : Executing step: [processIncrementalChangesStep]
2026-08-12T21:48:30.755+09:00  INFO 31025 --- [game-history-lab] [           main] o.s.batch.core.step.AbstractStep         : Step: [processIncrementalChangesStep] executed in 55ms
2026-08-12T21:48:30.790+09:00  INFO 31025 --- [game-history-lab] [           main] o.s.batch.core.step.AbstractStep         : Executing step: [advanceIncrementalCheckpointStep]
2026-08-12T21:48:30.799+09:00  INFO 31025 --- [game-history-lab] [           main] o.s.batch.core.step.AbstractStep         : Step: [advanceIncrementalCheckpointStep] executed in 12ms
2026-08-12T21:48:30.823+09:00  INFO 31025 --- [game-history-lab] [           main] o.s.b.c.l.s.TaskExecutorJobLauncher      : Job: [SimpleJob: [name=incrementalGameHistoryReadModelJob]] completed with the following parameters: [{JobParameter{name='failAfterCount', value=0, type=class java.lang.Long, identifying=false},JobParameter{name='upperUpdatedAt', value=2026-08-12T01:00, type=class java.time.LocalDateTime, identifying=true},JobParameter{name='upperGameId', value=9223372036854775807, type=class java.lang.Long, identifying=true},JobParameter{name='lowerUpdatedAt', value=2026-08-12T00:54, type=class java.time.LocalDateTime, identifying=true},JobParameter{name='runId', value=stage4-c60-r60-20260812T124000Z, type=class java.lang.String, identifying=true},JobParameter{name='lowerGameId', value=0, type=class java.lang.Long, identifying=true}}] and the following status: [COMPLETED] in 136ms
STAGE4_STEP name=processIncrementalChangesStep status=COMPLETED read=0 write=0 commit=1 rollback=0
STAGE4_STEP name=advanceIncrementalCheckpointStep status=COMPLETED read=0 write=0 commit=1 rollback=0
STAGE4_JOB executionId=254 instanceId=250 status=COMPLETED lowerUpdatedAt=2026-08-12T00:54 lowerGameId=0 upperUpdatedAt=2026-08-12T01:00 durationMs=248
2026-08-12T21:48:30.828+09:00  INFO 31025 --- [game-history-lab] [ionShutdownHook] com.zaxxer.hikari.HikariDataSource       : HikariPool-1 - Shutdown initiated...
2026-08-12T21:48:30.862+09:00  INFO 31025 --- [game-history-lab] [ionShutdownHook] com.zaxxer.hikari.HikariDataSource       : HikariPool-1 - Shutdown completed.
